sequence,mutation1,mutation2,enrichment_score,source,original_feature
MTATAQAGRHPVALVAGASSGIGAAVARRLAARGSAVALVGRREPELKEVAESIRAAGGTALSLALDLAGPGAPAEAVAATAAGLGPVGLLVCSAGAIRLAAVHETEERHWERQLRVNLTVPFLLAREVLPGMRERGFGWVVNIGSGVGSEVVPGSGGYGVSKHTVHRLTELIHEENRDLGIRAVTVAPGWVSTRLAARPADLGVPEEEVLDAEDIADTVAWLLDRPARMSVGPLVRVEPSASRAAAGDAMTRHLTRSRAEGAGPDAEETR,M1M,,0.0,Q59976_STRSQ_Romero_2015,enrichment
MTATAQAGRHPVALVAGASSGIGAAVARRLAARGSAVALVGRREPELKEVAESIRAAGGTALSLALDLAGPGAPAEAVAATAAGLGPVGLLVCSAGAIRLAAVHETEERHWERQLRVNLTVPFLLAREVLPGMRERGFGWVVNIGSGVGSEVVPGSGGYGVSKHTVHRLTELIHEENRDLGIRAVTVAPGWVSTRLAARPADLGVPEEEVLDAEDIADTVAWLLDRPARMSVGPLVRVEPSASRAAAGDAMTRHLTRSRAEGAGPDAEETR,A3P,,-0.799,Q59976_STRSQ_Romero_2015,enrichment
MTATAQAGRHPVALVAGASSGIGAAVARRLAARGSAVALVGRREPELKEVAESIRAAGGTALSLALDLAGPGAPAEAVAATAAGLGPVGLLVCSAGAIRLAAVHETEERHWERQLRVNLTVPFLLAREVLPGMRERGFGWVVNIGSGVGSEVVPGSGGYGVSKHTVHRLTELIHEENRDLGIRAVTVAPGWVSTRLAARPADLGVPEEEVLDAEDIADTVAWLLDRPARMSVGPLVRVEPSASRAAAGDAMTRHLTRSRAEGAGPDAEETR,T4A,,-1.922,Q59976_STRSQ_Romero_2015,enrichment
MTATAQAGRHPVALVAGASSGIGAAVARRLAARGSAVALVGRREPELKEVAESIRAAGGTALSLALDLAGPGAPAEAVAATAAGLGPVGLLVCSAGAIRLAAVHETEERHWERQLRVNLTVPFLLAREVLPGMRERGFGWVVNIGSGVGSEVVPGSGGYGVSKHTVHRLTELIHEENRDLGIRAVTVAPGWVSTRLAARPADLGVPEEEVLDAEDIADTVAWLLDRPARMSVGPLVRVEPSASRAAAGDAMTRHLTRSRAEGAGPDAEETR,A5P,,-0.309,Q59976_STRSQ_Romero_2015,enrichment
MTATAQAGRHPVALVAGASSGIGAAVARRLAARGSAVALVGRREPELKEVAESIRAAGGTALSLALDLAGPGAPAEAVAATAAGLGPVGLLVCSAGAIRLAAVHETEERHWERQLRVNLTVPFLLAREVLPGMRERGFGWVVNIGSGVGSEVVPGSGGYGVSKHTVHRLTELIHEENRDLGIRAVTVAPGWVSTRLAARPADLGVPEEEVLDAEDIADTVAWLLDRPARMSVGPLVRVEPSASRAAAGDAMTRHLTRSRAEGAGPDAEETR,A5V,,-0.441,Q59976_STRSQ_Romero_2015,enrichment
MTATAQAGRHPVALVAGASSGIGAAVARRLAARGSAVALVGRREPELKEVAESIRAAGGTALSLALDLAGPGAPAEAVAATAAGLGPVGLLVCSAGAIRLAAVHETEERHWERQLRVNLTVPFLLAREVLPGMRERGFGWVVNIGSGVGSEVVPGSGGYGVSKHTVHRLTELIHEENRDLGIRAVTVAPGWVSTRLAARPADLGVPEEEVLDAEDIADTVAWLLDRPARMSVGPLVRVEPSASRAAAGDAMTRHLTRSRAEGAGPDAEETR,A5T,,-1.416,Q59976_STRSQ_Romero_2015,enrichment
MTATAQAGRHPVALVAGASSGIGAAVARRLAARGSAVALVGRREPELKEVAESIRAAGGTALSLALDLAGPGAPAEAVAATAAGLGPVGLLVCSAGAIRLAAVHETEERHWERQLRVNLTVPFLLAREVLPGMRERGFGWVVNIGSGVGSEVVPGSGGYGVSKHTVHRLTELIHEENRDLGIRAVTVAPGWVSTRLAARPADLGVPEEEVLDAEDIADTVAWLLDRPARMSVGPLVRVEPSASRAAAGDAMTRHLTRSRAEGAGPDAEETR,A5S,,-0.352,Q59976_STRSQ_Romero_2015,enrichment
MTATAQAGRHPVALVAGASSGIGAAVARRLAARGSAVALVGRREPELKEVAESIRAAGGTALSLALDLAGPGAPAEAVAATAAGLGPVGLLVCSAGAIRLAAVHETEERHWERQLRVNLTVPFLLAREVLPGMRERGFGWVVNIGSGVGSEVVPGSGGYGVSKHTVHRLTELIHEENRDLGIRAVTVAPGWVSTRLAARPADLGVPEEEVLDAEDIADTVAWLLDRPARMSVGPLVRVEPSASRAAAGDAMTRHLTRSRAEGAGPDAEETR,A5G,,-0.5589999999999999,Q59976_STRSQ_Romero_2015,enrichment
MTATAQAGRHPVALVAGASSGIGAAVARRLAARGSAVALVGRREPELKEVAESIRAAGGTALSLALDLAGPGAPAEAVAATAAGLGPVGLLVCSAGAIRLAAVHETEERHWERQLRVNLTVPFLLAREVLPGMRERGFGWVVNIGSGVGSEVVPGSGGYGVSKHTVHRLTELIHEENRDLGIRAVTVAPGWVSTRLAARPADLGVPEEEVLDAEDIADTVAWLLDRPARMSVGPLVRVEPSASRAAAGDAMTRHLTRSRAEGAGPDAEETR,A5E,,-1.295,Q59976_STRSQ_Romero_2015,enrichment
MTATAQAGRHPVALVAGASSGIGAAVARRLAARGSAVALVGRREPELKEVAESIRAAGGTALSLALDLAGPGAPAEAVAATAAGLGPVGLLVCSAGAIRLAAVHETEERHWERQLRVNLTVPFLLAREVLPGMRERGFGWVVNIGSGVGSEVVPGSGGYGVSKHTVHRLTELIHEENRDLGIRAVTVAPGWVSTRLAARPADLGVPEEEVLDAEDIADTVAWLLDRPARMSVGPLVRVEPSASRAAAGDAMTRHLTRSRAEGAGPDAEETR,A5A,,0.003,Q59976_STRSQ_Romero_2015,enrichment
MTATAQAGRHPVALVAGASSGIGAAVARRLAARGSAVALVGRREPELKEVAESIRAAGGTALSLALDLAGPGAPAEAVAATAAGLGPVGLLVCSAGAIRLAAVHETEERHWERQLRVNLTVPFLLAREVLPGMRERGFGWVVNIGSGVGSEVVPGSGGYGVSKHTVHRLTELIHEENRDLGIRAVTVAPGWVSTRLAARPADLGVPEEEVLDAEDIADTVAWLLDRPARMSVGPLVRVEPSASRAAAGDAMTRHLTRSRAEGAGPDAEETR,Q6P,,0.192,Q59976_STRSQ_Romero_2015,enrichment
MTATAQAGRHPVALVAGASSGIGAAVARRLAARGSAVALVGRREPELKEVAESIRAAGGTALSLALDLAGPGAPAEAVAATAAGLGPVGLLVCSAGAIRLAAVHETEERHWERQLRVNLTVPFLLAREVLPGMRERGFGWVVNIGSGVGSEVVPGSGGYGVSKHTVHRLTELIHEENRDLGIRAVTVAPGWVSTRLAARPADLGVPEEEVLDAEDIADTVAWLLDRPARMSVGPLVRVEPSASRAAAGDAMTRHLTRSRAEGAGPDAEETR,Q6Q,,0.001,Q59976_STRSQ_Romero_2015,enrichment
MTATAQAGRHPVALVAGASSGIGAAVARRLAARGSAVALVGRREPELKEVAESIRAAGGTALSLALDLAGPGAPAEAVAATAAGLGPVGLLVCSAGAIRLAAVHETEERHWERQLRVNLTVPFLLAREVLPGMRERGFGWVVNIGSGVGSEVVPGSGGYGVSKHTVHRLTELIHEENRDLGIRAVTVAPGWVSTRLAARPADLGVPEEEVLDAEDIADTVAWLLDRPARMSVGPLVRVEPSASRAAAGDAMTRHLTRSRAEGAGPDAEETR,Q6R,,0.018,Q59976_STRSQ_Romero_2015,enrichment
MTATAQAGRHPVALVAGASSGIGAAVARRLAARGSAVALVGRREPELKEVAESIRAAGGTALSLALDLAGPGAPAEAVAATAAGLGPVGLLVCSAGAIRLAAVHETEERHWERQLRVNLTVPFLLAREVLPGMRERGFGWVVNIGSGVGSEVVPGSGGYGVSKHTVHRLTELIHEENRDLGIRAVTVAPGWVSTRLAARPADLGVPEEEVLDAEDIADTVAWLLDRPARMSVGPLVRVEPSASRAAAGDAMTRHLTRSRAEGAGPDAEETR,Q6L,,0.207,Q59976_STRSQ_Romero_2015,enrichment
MTATAQAGRHPVALVAGASSGIGAAVARRLAARGSAVALVGRREPELKEVAESIRAAGGTALSLALDLAGPGAPAEAVAATAAGLGPVGLLVCSAGAIRLAAVHETEERHWERQLRVNLTVPFLLAREVLPGMRERGFGWVVNIGSGVGSEVVPGSGGYGVSKHTVHRLTELIHEENRDLGIRAVTVAPGWVSTRLAARPADLGVPEEEVLDAEDIADTVAWLLDRPARMSVGPLVRVEPSASRAAAGDAMTRHLTRSRAEGAGPDAEETR,Q6K,,-0.8270000000000001,Q59976_STRSQ_Romero_2015,enrichment
MTATAQAGRHPVALVAGASSGIGAAVARRLAARGSAVALVGRREPELKEVAESIRAAGGTALSLALDLAGPGAPAEAVAATAAGLGPVGLLVCSAGAIRLAAVHETEERHWERQLRVNLTVPFLLAREVLPGMRERGFGWVVNIGSGVGSEVVPGSGGYGVSKHTVHRLTELIHEENRDLGIRAVTVAPGWVSTRLAARPADLGVPEEEVLDAEDIADTVAWLLDRPARMSVGPLVRVEPSASRAAAGDAMTRHLTRSRAEGAGPDAEETR,Q6H,,-0.483,Q59976_STRSQ_Romero_2015,enrichment
MTATAQAGRHPVALVAGASSGIGAAVARRLAARGSAVALVGRREPELKEVAESIRAAGGTALSLALDLAGPGAPAEAVAATAAGLGPVGLLVCSAGAIRLAAVHETEERHWERQLRVNLTVPFLLAREVLPGMRERGFGWVVNIGSGVGSEVVPGSGGYGVSKHTVHRLTELIHEENRDLGIRAVTVAPGWVSTRLAARPADLGVPEEEVLDAEDIADTVAWLLDRPARMSVGPLVRVEPSASRAAAGDAMTRHLTRSRAEGAGPDAEETR,Q6E,,-0.205,Q59976_STRSQ_Romero_2015,enrichment
MTATAQAGRHPVALVAGASSGIGAAVARRLAARGSAVALVGRREPELKEVAESIRAAGGTALSLALDLAGPGAPAEAVAATAAGLGPVGLLVCSAGAIRLAAVHETEERHWERQLRVNLTVPFLLAREVLPGMRERGFGWVVNIGSGVGSEVVPGSGGYGVSKHTVHRLTELIHEENRDLGIRAVTVAPGWVSTRLAARPADLGVPEEEVLDAEDIADTVAWLLDRPARMSVGPLVRVEPSASRAAAGDAMTRHLTRSRAEGAGPDAEETR,P11A,,-0.069,Q59976_STRSQ_Romero_2015,enrichment
MTATAQAGRHPVALVAGASSGIGAAVARRLAARGSAVALVGRREPELKEVAESIRAAGGTALSLALDLAGPGAPAEAVAATAAGLGPVGLLVCSAGAIRLAAVHETEERHWERQLRVNLTVPFLLAREVLPGMRERGFGWVVNIGSGVGSEVVPGSGGYGVSKHTVHRLTELIHEENRDLGIRAVTVAPGWVSTRLAARPADLGVPEEEVLDAEDIADTVAWLLDRPARMSVGPLVRVEPSASRAAAGDAMTRHLTRSRAEGAGPDAEETR,A13D,,0.244,Q59976_STRSQ_Romero_2015,enrichment
MTATAQAGRHPVALVAGASSGIGAAVARRLAARGSAVALVGRREPELKEVAESIRAAGGTALSLALDLAGPGAPAEAVAATAAGLGPVGLLVCSAGAIRLAAVHETEERHWERQLRVNLTVPFLLAREVLPGMRERGFGWVVNIGSGVGSEVVPGSGGYGVSKHTVHRLTELIHEENRDLGIRAVTVAPGWVSTRLAARPADLGVPEEEVLDAEDIADTVAWLLDRPARMSVGPLVRVEPSASRAAAGDAMTRHLTRSRAEGAGPDAEETR,V15A,,-0.867,Q59976_STRSQ_Romero_2015,enrichment
MTATAQAGRHPVALVAGASSGIGAAVARRLAARGSAVALVGRREPELKEVAESIRAAGGTALSLALDLAGPGAPAEAVAATAAGLGPVGLLVCSAGAIRLAAVHETEERHWERQLRVNLTVPFLLAREVLPGMRERGFGWVVNIGSGVGSEVVPGSGGYGVSKHTVHRLTELIHEENRDLGIRAVTVAPGWVSTRLAARPADLGVPEEEVLDAEDIADTVAWLLDRPARMSVGPLVRVEPSASRAAAGDAMTRHLTRSRAEGAGPDAEETR,S19P,,-0.935,Q59976_STRSQ_Romero_2015,enrichment
MTATAQAGRHPVALVAGASSGIGAAVARRLAARGSAVALVGRREPELKEVAESIRAAGGTALSLALDLAGPGAPAEAVAATAAGLGPVGLLVCSAGAIRLAAVHETEERHWERQLRVNLTVPFLLAREVLPGMRERGFGWVVNIGSGVGSEVVPGSGGYGVSKHTVHRLTELIHEENRDLGIRAVTVAPGWVSTRLAARPADLGVPEEEVLDAEDIADTVAWLLDRPARMSVGPLVRVEPSASRAAAGDAMTRHLTRSRAEGAGPDAEETR,G21V,,-0.555,Q59976_STRSQ_Romero_2015,enrichment
MTATAQAGRHPVALVAGASSGIGAAVARRLAARGSAVALVGRREPELKEVAESIRAAGGTALSLALDLAGPGAPAEAVAATAAGLGPVGLLVCSAGAIRLAAVHETEERHWERQLRVNLTVPFLLAREVLPGMRERGFGWVVNIGSGVGSEVVPGSGGYGVSKHTVHRLTELIHEENRDLGIRAVTVAPGWVSTRLAARPADLGVPEEEVLDAEDIADTVAWLLDRPARMSVGPLVRVEPSASRAAAGDAMTRHLTRSRAEGAGPDAEETR,G21S,,-0.534,Q59976_STRSQ_Romero_2015,enrichment
MTATAQAGRHPVALVAGASSGIGAAVARRLAARGSAVALVGRREPELKEVAESIRAAGGTALSLALDLAGPGAPAEAVAATAAGLGPVGLLVCSAGAIRLAAVHETEERHWERQLRVNLTVPFLLAREVLPGMRERGFGWVVNIGSGVGSEVVPGSGGYGVSKHTVHRLTELIHEENRDLGIRAVTVAPGWVSTRLAARPADLGVPEEEVLDAEDIADTVAWLLDRPARMSVGPLVRVEPSASRAAAGDAMTRHLTRSRAEGAGPDAEETR,G21R,,-0.465,Q59976_STRSQ_Romero_2015,enrichment
MTATAQAGRHPVALVAGASSGIGAAVARRLAARGSAVALVGRREPELKEVAESIRAAGGTALSLALDLAGPGAPAEAVAATAAGLGPVGLLVCSAGAIRLAAVHETEERHWERQLRVNLTVPFLLAREVLPGMRERGFGWVVNIGSGVGSEVVPGSGGYGVSKHTVHRLTELIHEENRDLGIRAVTVAPGWVSTRLAARPADLGVPEEEVLDAEDIADTVAWLLDRPARMSVGPLVRVEPSASRAAAGDAMTRHLTRSRAEGAGPDAEETR,G21C,,-0.66,Q59976_STRSQ_Romero_2015,enrichment
MTATAQAGRHPVALVAGASSGIGAAVARRLAARGSAVALVGRREPELKEVAESIRAAGGTALSLALDLAGPGAPAEAVAATAAGLGPVGLLVCSAGAIRLAAVHETEERHWERQLRVNLTVPFLLAREVLPGMRERGFGWVVNIGSGVGSEVVPGSGGYGVSKHTVHRLTELIHEENRDLGIRAVTVAPGWVSTRLAARPADLGVPEEEVLDAEDIADTVAWLLDRPARMSVGPLVRVEPSASRAAAGDAMTRHLTRSRAEGAGPDAEETR,G21D,,-0.363,Q59976_STRSQ_Romero_2015,enrichment
MTATAQAGRHPVALVAGASSGIGAAVARRLAARGSAVALVGRREPELKEVAESIRAAGGTALSLALDLAGPGAPAEAVAATAAGLGPVGLLVCSAGAIRLAAVHETEERHWERQLRVNLTVPFLLAREVLPGMRERGFGWVVNIGSGVGSEVVPGSGGYGVSKHTVHRLTELIHEENRDLGIRAVTVAPGWVSTRLAARPADLGVPEEEVLDAEDIADTVAWLLDRPARMSVGPLVRVEPSASRAAAGDAMTRHLTRSRAEGAGPDAEETR,G21A,,0.1689999999999999,Q59976_STRSQ_Romero_2015,enrichment
MTATAQAGRHPVALVAGASSGIGAAVARRLAARGSAVALVGRREPELKEVAESIRAAGGTALSLALDLAGPGAPAEAVAATAAGLGPVGLLVCSAGAIRLAAVHETEERHWERQLRVNLTVPFLLAREVLPGMRERGFGWVVNIGSGVGSEVVPGSGGYGVSKHTVHRLTELIHEENRDLGIRAVTVAPGWVSTRLAARPADLGVPEEEVLDAEDIADTVAWLLDRPARMSVGPLVRVEPSASRAAAGDAMTRHLTRSRAEGAGPDAEETR,G21G,,0.001,Q59976_STRSQ_Romero_2015,enrichment
MTATAQAGRHPVALVAGASSGIGAAVARRLAARGSAVALVGRREPELKEVAESIRAAGGTALSLALDLAGPGAPAEAVAATAAGLGPVGLLVCSAGAIRLAAVHETEERHWERQLRVNLTVPFLLAREVLPGMRERGFGWVVNIGSGVGSEVVPGSGGYGVSKHTVHRLTELIHEENRDLGIRAVTVAPGWVSTRLAARPADLGVPEEEVLDAEDIADTVAWLLDRPARMSVGPLVRVEPSASRAAAGDAMTRHLTRSRAEGAGPDAEETR,I22F,,-2.94,Q59976_STRSQ_Romero_2015,enrichment
MTATAQAGRHPVALVAGASSGIGAAVARRLAARGSAVALVGRREPELKEVAESIRAAGGTALSLALDLAGPGAPAEAVAATAAGLGPVGLLVCSAGAIRLAAVHETEERHWERQLRVNLTVPFLLAREVLPGMRERGFGWVVNIGSGVGSEVVPGSGGYGVSKHTVHRLTELIHEENRDLGIRAVTVAPGWVSTRLAARPADLGVPEEEVLDAEDIADTVAWLLDRPARMSVGPLVRVEPSASRAAAGDAMTRHLTRSRAEGAGPDAEETR,A25G,,-0.861,Q59976_STRSQ_Romero_2015,enrichment
MTATAQAGRHPVALVAGASSGIGAAVARRLAARGSAVALVGRREPELKEVAESIRAAGGTALSLALDLAGPGAPAEAVAATAAGLGPVGLLVCSAGAIRLAAVHETEERHWERQLRVNLTVPFLLAREVLPGMRERGFGWVVNIGSGVGSEVVPGSGGYGVSKHTVHRLTELIHEENRDLGIRAVTVAPGWVSTRLAARPADLGVPEEEVLDAEDIADTVAWLLDRPARMSVGPLVRVEPSASRAAAGDAMTRHLTRSRAEGAGPDAEETR,A27V,,-0.858,Q59976_STRSQ_Romero_2015,enrichment
MTATAQAGRHPVALVAGASSGIGAAVARRLAARGSAVALVGRREPELKEVAESIRAAGGTALSLALDLAGPGAPAEAVAATAAGLGPVGLLVCSAGAIRLAAVHETEERHWERQLRVNLTVPFLLAREVLPGMRERGFGWVVNIGSGVGSEVVPGSGGYGVSKHTVHRLTELIHEENRDLGIRAVTVAPGWVSTRLAARPADLGVPEEEVLDAEDIADTVAWLLDRPARMSVGPLVRVEPSASRAAAGDAMTRHLTRSRAEGAGPDAEETR,A27T,,-0.079,Q59976_STRSQ_Romero_2015,enrichment
MTATAQAGRHPVALVAGASSGIGAAVARRLAARGSAVALVGRREPELKEVAESIRAAGGTALSLALDLAGPGAPAEAVAATAAGLGPVGLLVCSAGAIRLAAVHETEERHWERQLRVNLTVPFLLAREVLPGMRERGFGWVVNIGSGVGSEVVPGSGGYGVSKHTVHRLTELIHEENRDLGIRAVTVAPGWVSTRLAARPADLGVPEEEVLDAEDIADTVAWLLDRPARMSVGPLVRVEPSASRAAAGDAMTRHLTRSRAEGAGPDAEETR,A27S,,-0.177,Q59976_STRSQ_Romero_2015,enrichment
MTATAQAGRHPVALVAGASSGIGAAVARRLAARGSAVALVGRREPELKEVAESIRAAGGTALSLALDLAGPGAPAEAVAATAAGLGPVGLLVCSAGAIRLAAVHETEERHWERQLRVNLTVPFLLAREVLPGMRERGFGWVVNIGSGVGSEVVPGSGGYGVSKHTVHRLTELIHEENRDLGIRAVTVAPGWVSTRLAARPADLGVPEEEVLDAEDIADTVAWLLDRPARMSVGPLVRVEPSASRAAAGDAMTRHLTRSRAEGAGPDAEETR,A27P,,-2.555,Q59976_STRSQ_Romero_2015,enrichment
MTATAQAGRHPVALVAGASSGIGAAVARRLAARGSAVALVGRREPELKEVAESIRAAGGTALSLALDLAGPGAPAEAVAATAAGLGPVGLLVCSAGAIRLAAVHETEERHWERQLRVNLTVPFLLAREVLPGMRERGFGWVVNIGSGVGSEVVPGSGGYGVSKHTVHRLTELIHEENRDLGIRAVTVAPGWVSTRLAARPADLGVPEEEVLDAEDIADTVAWLLDRPARMSVGPLVRVEPSASRAAAGDAMTRHLTRSRAEGAGPDAEETR,A27A,,0.002,Q59976_STRSQ_Romero_2015,enrichment
MTATAQAGRHPVALVAGASSGIGAAVARRLAARGSAVALVGRREPELKEVAESIRAAGGTALSLALDLAGPGAPAEAVAATAAGLGPVGLLVCSAGAIRLAAVHETEERHWERQLRVNLTVPFLLAREVLPGMRERGFGWVVNIGSGVGSEVVPGSGGYGVSKHTVHRLTELIHEENRDLGIRAVTVAPGWVSTRLAARPADLGVPEEEVLDAEDIADTVAWLLDRPARMSVGPLVRVEPSASRAAAGDAMTRHLTRSRAEGAGPDAEETR,A27E,,-1.885,Q59976_STRSQ_Romero_2015,enrichment
MTATAQAGRHPVALVAGASSGIGAAVARRLAARGSAVALVGRREPELKEVAESIRAAGGTALSLALDLAGPGAPAEAVAATAAGLGPVGLLVCSAGAIRLAAVHETEERHWERQLRVNLTVPFLLAREVLPGMRERGFGWVVNIGSGVGSEVVPGSGGYGVSKHTVHRLTELIHEENRDLGIRAVTVAPGWVSTRLAARPADLGVPEEEVLDAEDIADTVAWLLDRPARMSVGPLVRVEPSASRAAAGDAMTRHLTRSRAEGAGPDAEETR,A27G,,0.178,Q59976_STRSQ_Romero_2015,enrichment
MTATAQAGRHPVALVAGASSGIGAAVARRLAARGSAVALVGRREPELKEVAESIRAAGGTALSLALDLAGPGAPAEAVAATAAGLGPVGLLVCSAGAIRLAAVHETEERHWERQLRVNLTVPFLLAREVLPGMRERGFGWVVNIGSGVGSEVVPGSGGYGVSKHTVHRLTELIHEENRDLGIRAVTVAPGWVSTRLAARPADLGVPEEEVLDAEDIADTVAWLLDRPARMSVGPLVRVEPSASRAAAGDAMTRHLTRSRAEGAGPDAEETR,R28T,,-1.955,Q59976_STRSQ_Romero_2015,enrichment
MTATAQAGRHPVALVAGASSGIGAAVARRLAARGSAVALVGRREPELKEVAESIRAAGGTALSLALDLAGPGAPAEAVAATAAGLGPVGLLVCSAGAIRLAAVHETEERHWERQLRVNLTVPFLLAREVLPGMRERGFGWVVNIGSGVGSEVVPGSGGYGVSKHTVHRLTELIHEENRDLGIRAVTVAPGWVSTRLAARPADLGVPEEEVLDAEDIADTVAWLLDRPARMSVGPLVRVEPSASRAAAGDAMTRHLTRSRAEGAGPDAEETR,G34E,,-2.661,Q59976_STRSQ_Romero_2015,enrichment
MTATAQAGRHPVALVAGASSGIGAAVARRLAARGSAVALVGRREPELKEVAESIRAAGGTALSLALDLAGPGAPAEAVAATAAGLGPVGLLVCSAGAIRLAAVHETEERHWERQLRVNLTVPFLLAREVLPGMRERGFGWVVNIGSGVGSEVVPGSGGYGVSKHTVHRLTELIHEENRDLGIRAVTVAPGWVSTRLAARPADLGVPEEEVLDAEDIADTVAWLLDRPARMSVGPLVRVEPSASRAAAGDAMTRHLTRSRAEGAGPDAEETR,S35G,,-2.5660000000000003,Q59976_STRSQ_Romero_2015,enrichment
MTATAQAGRHPVALVAGASSGIGAAVARRLAARGSAVALVGRREPELKEVAESIRAAGGTALSLALDLAGPGAPAEAVAATAAGLGPVGLLVCSAGAIRLAAVHETEERHWERQLRVNLTVPFLLAREVLPGMRERGFGWVVNIGSGVGSEVVPGSGGYGVSKHTVHRLTELIHEENRDLGIRAVTVAPGWVSTRLAARPADLGVPEEEVLDAEDIADTVAWLLDRPARMSVGPLVRVEPSASRAAAGDAMTRHLTRSRAEGAGPDAEETR,A36V,,-1.614,Q59976_STRSQ_Romero_2015,enrichment
MTATAQAGRHPVALVAGASSGIGAAVARRLAARGSAVALVGRREPELKEVAESIRAAGGTALSLALDLAGPGAPAEAVAATAAGLGPVGLLVCSAGAIRLAAVHETEERHWERQLRVNLTVPFLLAREVLPGMRERGFGWVVNIGSGVGSEVVPGSGGYGVSKHTVHRLTELIHEENRDLGIRAVTVAPGWVSTRLAARPADLGVPEEEVLDAEDIADTVAWLLDRPARMSVGPLVRVEPSASRAAAGDAMTRHLTRSRAEGAGPDAEETR,A36T,,-2.04,Q59976_STRSQ_Romero_2015,enrichment
MTATAQAGRHPVALVAGASSGIGAAVARRLAARGSAVALVGRREPELKEVAESIRAAGGTALSLALDLAGPGAPAEAVAATAAGLGPVGLLVCSAGAIRLAAVHETEERHWERQLRVNLTVPFLLAREVLPGMRERGFGWVVNIGSGVGSEVVPGSGGYGVSKHTVHRLTELIHEENRDLGIRAVTVAPGWVSTRLAARPADLGVPEEEVLDAEDIADTVAWLLDRPARMSVGPLVRVEPSASRAAAGDAMTRHLTRSRAEGAGPDAEETR,A36S,,-0.5489999999999999,Q59976_STRSQ_Romero_2015,enrichment
MTATAQAGRHPVALVAGASSGIGAAVARRLAARGSAVALVGRREPELKEVAESIRAAGGTALSLALDLAGPGAPAEAVAATAAGLGPVGLLVCSAGAIRLAAVHETEERHWERQLRVNLTVPFLLAREVLPGMRERGFGWVVNIGSGVGSEVVPGSGGYGVSKHTVHRLTELIHEENRDLGIRAVTVAPGWVSTRLAARPADLGVPEEEVLDAEDIADTVAWLLDRPARMSVGPLVRVEPSASRAAAGDAMTRHLTRSRAEGAGPDAEETR,A36P,,-1.479,Q59976_STRSQ_Romero_2015,enrichment
MTATAQAGRHPVALVAGASSGIGAAVARRLAARGSAVALVGRREPELKEVAESIRAAGGTALSLALDLAGPGAPAEAVAATAAGLGPVGLLVCSAGAIRLAAVHETEERHWERQLRVNLTVPFLLAREVLPGMRERGFGWVVNIGSGVGSEVVPGSGGYGVSKHTVHRLTELIHEENRDLGIRAVTVAPGWVSTRLAARPADLGVPEEEVLDAEDIADTVAWLLDRPARMSVGPLVRVEPSASRAAAGDAMTRHLTRSRAEGAGPDAEETR,A36A,,0.003,Q59976_STRSQ_Romero_2015,enrichment
MTATAQAGRHPVALVAGASSGIGAAVARRLAARGSAVALVGRREPELKEVAESIRAAGGTALSLALDLAGPGAPAEAVAATAAGLGPVGLLVCSAGAIRLAAVHETEERHWERQLRVNLTVPFLLAREVLPGMRERGFGWVVNIGSGVGSEVVPGSGGYGVSKHTVHRLTELIHEENRDLGIRAVTVAPGWVSTRLAARPADLGVPEEEVLDAEDIADTVAWLLDRPARMSVGPLVRVEPSASRAAAGDAMTRHLTRSRAEGAGPDAEETR,A36E,,-1.474,Q59976_STRSQ_Romero_2015,enrichment
MTATAQAGRHPVALVAGASSGIGAAVARRLAARGSAVALVGRREPELKEVAESIRAAGGTALSLALDLAGPGAPAEAVAATAAGLGPVGLLVCSAGAIRLAAVHETEERHWERQLRVNLTVPFLLAREVLPGMRERGFGWVVNIGSGVGSEVVPGSGGYGVSKHTVHRLTELIHEENRDLGIRAVTVAPGWVSTRLAARPADLGVPEEEVLDAEDIADTVAWLLDRPARMSVGPLVRVEPSASRAAAGDAMTRHLTRSRAEGAGPDAEETR,A36G,,-0.296,Q59976_STRSQ_Romero_2015,enrichment
MTATAQAGRHPVALVAGASSGIGAAVARRLAARGSAVALVGRREPELKEVAESIRAAGGTALSLALDLAGPGAPAEAVAATAAGLGPVGLLVCSAGAIRLAAVHETEERHWERQLRVNLTVPFLLAREVLPGMRERGFGWVVNIGSGVGSEVVPGSGGYGVSKHTVHRLTELIHEENRDLGIRAVTVAPGWVSTRLAARPADLGVPEEEVLDAEDIADTVAWLLDRPARMSVGPLVRVEPSASRAAAGDAMTRHLTRSRAEGAGPDAEETR,V37A,,-0.24,Q59976_STRSQ_Romero_2015,enrichment
MTATAQAGRHPVALVAGASSGIGAAVARRLAARGSAVALVGRREPELKEVAESIRAAGGTALSLALDLAGPGAPAEAVAATAAGLGPVGLLVCSAGAIRLAAVHETEERHWERQLRVNLTVPFLLAREVLPGMRERGFGWVVNIGSGVGSEVVPGSGGYGVSKHTVHRLTELIHEENRDLGIRAVTVAPGWVSTRLAARPADLGVPEEEVLDAEDIADTVAWLLDRPARMSVGPLVRVEPSASRAAAGDAMTRHLTRSRAEGAGPDAEETR,A38V,,-0.289,Q59976_STRSQ_Romero_2015,enrichment
MTATAQAGRHPVALVAGASSGIGAAVARRLAARGSAVALVGRREPELKEVAESIRAAGGTALSLALDLAGPGAPAEAVAATAAGLGPVGLLVCSAGAIRLAAVHETEERHWERQLRVNLTVPFLLAREVLPGMRERGFGWVVNIGSGVGSEVVPGSGGYGVSKHTVHRLTELIHEENRDLGIRAVTVAPGWVSTRLAARPADLGVPEEEVLDAEDIADTVAWLLDRPARMSVGPLVRVEPSASRAAAGDAMTRHLTRSRAEGAGPDAEETR,A38T,,-0.175,Q59976_STRSQ_Romero_2015,enrichment
MTATAQAGRHPVALVAGASSGIGAAVARRLAARGSAVALVGRREPELKEVAESIRAAGGTALSLALDLAGPGAPAEAVAATAAGLGPVGLLVCSAGAIRLAAVHETEERHWERQLRVNLTVPFLLAREVLPGMRERGFGWVVNIGSGVGSEVVPGSGGYGVSKHTVHRLTELIHEENRDLGIRAVTVAPGWVSTRLAARPADLGVPEEEVLDAEDIADTVAWLLDRPARMSVGPLVRVEPSASRAAAGDAMTRHLTRSRAEGAGPDAEETR,A38S,,-0.043,Q59976_STRSQ_Romero_2015,enrichment
MTATAQAGRHPVALVAGASSGIGAAVARRLAARGSAVALVGRREPELKEVAESIRAAGGTALSLALDLAGPGAPAEAVAATAAGLGPVGLLVCSAGAIRLAAVHETEERHWERQLRVNLTVPFLLAREVLPGMRERGFGWVVNIGSGVGSEVVPGSGGYGVSKHTVHRLTELIHEENRDLGIRAVTVAPGWVSTRLAARPADLGVPEEEVLDAEDIADTVAWLLDRPARMSVGPLVRVEPSASRAAAGDAMTRHLTRSRAEGAGPDAEETR,A38P,,-1.087,Q59976_STRSQ_Romero_2015,enrichment
MTATAQAGRHPVALVAGASSGIGAAVARRLAARGSAVALVGRREPELKEVAESIRAAGGTALSLALDLAGPGAPAEAVAATAAGLGPVGLLVCSAGAIRLAAVHETEERHWERQLRVNLTVPFLLAREVLPGMRERGFGWVVNIGSGVGSEVVPGSGGYGVSKHTVHRLTELIHEENRDLGIRAVTVAPGWVSTRLAARPADLGVPEEEVLDAEDIADTVAWLLDRPARMSVGPLVRVEPSASRAAAGDAMTRHLTRSRAEGAGPDAEETR,A38G,,0.34,Q59976_STRSQ_Romero_2015,enrichment
MTATAQAGRHPVALVAGASSGIGAAVARRLAARGSAVALVGRREPELKEVAESIRAAGGTALSLALDLAGPGAPAEAVAATAAGLGPVGLLVCSAGAIRLAAVHETEERHWERQLRVNLTVPFLLAREVLPGMRERGFGWVVNIGSGVGSEVVPGSGGYGVSKHTVHRLTELIHEENRDLGIRAVTVAPGWVSTRLAARPADLGVPEEEVLDAEDIADTVAWLLDRPARMSVGPLVRVEPSASRAAAGDAMTRHLTRSRAEGAGPDAEETR,A38E,,-0.1369999999999999,Q59976_STRSQ_Romero_2015,enrichment
MTATAQAGRHPVALVAGASSGIGAAVARRLAARGSAVALVGRREPELKEVAESIRAAGGTALSLALDLAGPGAPAEAVAATAAGLGPVGLLVCSAGAIRLAAVHETEERHWERQLRVNLTVPFLLAREVLPGMRERGFGWVVNIGSGVGSEVVPGSGGYGVSKHTVHRLTELIHEENRDLGIRAVTVAPGWVSTRLAARPADLGVPEEEVLDAEDIADTVAWLLDRPARMSVGPLVRVEPSASRAAAGDAMTRHLTRSRAEGAGPDAEETR,A38A,,0.001,Q59976_STRSQ_Romero_2015,enrichment
MTATAQAGRHPVALVAGASSGIGAAVARRLAARGSAVALVGRREPELKEVAESIRAAGGTALSLALDLAGPGAPAEAVAATAAGLGPVGLLVCSAGAIRLAAVHETEERHWERQLRVNLTVPFLLAREVLPGMRERGFGWVVNIGSGVGSEVVPGSGGYGVSKHTVHRLTELIHEENRDLGIRAVTVAPGWVSTRLAARPADLGVPEEEVLDAEDIADTVAWLLDRPARMSVGPLVRVEPSASRAAAGDAMTRHLTRSRAEGAGPDAEETR,V40D,,-1.243,Q59976_STRSQ_Romero_2015,enrichment
MTATAQAGRHPVALVAGASSGIGAAVARRLAARGSAVALVGRREPELKEVAESIRAAGGTALSLALDLAGPGAPAEAVAATAAGLGPVGLLVCSAGAIRLAAVHETEERHWERQLRVNLTVPFLLAREVLPGMRERGFGWVVNIGSGVGSEVVPGSGGYGVSKHTVHRLTELIHEENRDLGIRAVTVAPGWVSTRLAARPADLGVPEEEVLDAEDIADTVAWLLDRPARMSVGPLVRVEPSASRAAAGDAMTRHLTRSRAEGAGPDAEETR,G41V,,-1.3,Q59976_STRSQ_Romero_2015,enrichment
MTATAQAGRHPVALVAGASSGIGAAVARRLAARGSAVALVGRREPELKEVAESIRAAGGTALSLALDLAGPGAPAEAVAATAAGLGPVGLLVCSAGAIRLAAVHETEERHWERQLRVNLTVPFLLAREVLPGMRERGFGWVVNIGSGVGSEVVPGSGGYGVSKHTVHRLTELIHEENRDLGIRAVTVAPGWVSTRLAARPADLGVPEEEVLDAEDIADTVAWLLDRPARMSVGPLVRVEPSASRAAAGDAMTRHLTRSRAEGAGPDAEETR,G41S,,-0.436,Q59976_STRSQ_Romero_2015,enrichment
MTATAQAGRHPVALVAGASSGIGAAVARRLAARGSAVALVGRREPELKEVAESIRAAGGTALSLALDLAGPGAPAEAVAATAAGLGPVGLLVCSAGAIRLAAVHETEERHWERQLRVNLTVPFLLAREVLPGMRERGFGWVVNIGSGVGSEVVPGSGGYGVSKHTVHRLTELIHEENRDLGIRAVTVAPGWVSTRLAARPADLGVPEEEVLDAEDIADTVAWLLDRPARMSVGPLVRVEPSASRAAAGDAMTRHLTRSRAEGAGPDAEETR,G41R,,-0.391,Q59976_STRSQ_Romero_2015,enrichment
MTATAQAGRHPVALVAGASSGIGAAVARRLAARGSAVALVGRREPELKEVAESIRAAGGTALSLALDLAGPGAPAEAVAATAAGLGPVGLLVCSAGAIRLAAVHETEERHWERQLRVNLTVPFLLAREVLPGMRERGFGWVVNIGSGVGSEVVPGSGGYGVSKHTVHRLTELIHEENRDLGIRAVTVAPGWVSTRLAARPADLGVPEEEVLDAEDIADTVAWLLDRPARMSVGPLVRVEPSASRAAAGDAMTRHLTRSRAEGAGPDAEETR,G41A,,-0.621,Q59976_STRSQ_Romero_2015,enrichment
MTATAQAGRHPVALVAGASSGIGAAVARRLAARGSAVALVGRREPELKEVAESIRAAGGTALSLALDLAGPGAPAEAVAATAAGLGPVGLLVCSAGAIRLAAVHETEERHWERQLRVNLTVPFLLAREVLPGMRERGFGWVVNIGSGVGSEVVPGSGGYGVSKHTVHRLTELIHEENRDLGIRAVTVAPGWVSTRLAARPADLGVPEEEVLDAEDIADTVAWLLDRPARMSVGPLVRVEPSASRAAAGDAMTRHLTRSRAEGAGPDAEETR,G41C,,-0.377,Q59976_STRSQ_Romero_2015,enrichment
MTATAQAGRHPVALVAGASSGIGAAVARRLAARGSAVALVGRREPELKEVAESIRAAGGTALSLALDLAGPGAPAEAVAATAAGLGPVGLLVCSAGAIRLAAVHETEERHWERQLRVNLTVPFLLAREVLPGMRERGFGWVVNIGSGVGSEVVPGSGGYGVSKHTVHRLTELIHEENRDLGIRAVTVAPGWVSTRLAARPADLGVPEEEVLDAEDIADTVAWLLDRPARMSVGPLVRVEPSASRAAAGDAMTRHLTRSRAEGAGPDAEETR,G41D,,-0.405,Q59976_STRSQ_Romero_2015,enrichment
MTATAQAGRHPVALVAGASSGIGAAVARRLAARGSAVALVGRREPELKEVAESIRAAGGTALSLALDLAGPGAPAEAVAATAAGLGPVGLLVCSAGAIRLAAVHETEERHWERQLRVNLTVPFLLAREVLPGMRERGFGWVVNIGSGVGSEVVPGSGGYGVSKHTVHRLTELIHEENRDLGIRAVTVAPGWVSTRLAARPADLGVPEEEVLDAEDIADTVAWLLDRPARMSVGPLVRVEPSASRAAAGDAMTRHLTRSRAEGAGPDAEETR,G41G,,0.001,Q59976_STRSQ_Romero_2015,enrichment
MTATAQAGRHPVALVAGASSGIGAAVARRLAARGSAVALVGRREPELKEVAESIRAAGGTALSLALDLAGPGAPAEAVAATAAGLGPVGLLVCSAGAIRLAAVHETEERHWERQLRVNLTVPFLLAREVLPGMRERGFGWVVNIGSGVGSEVVPGSGGYGVSKHTVHRLTELIHEENRDLGIRAVTVAPGWVSTRLAARPADLGVPEEEVLDAEDIADTVAWLLDRPARMSVGPLVRVEPSASRAAAGDAMTRHLTRSRAEGAGPDAEETR,R42S,,-1.018,Q59976_STRSQ_Romero_2015,enrichment
MTATAQAGRHPVALVAGASSGIGAAVARRLAARGSAVALVGRREPELKEVAESIRAAGGTALSLALDLAGPGAPAEAVAATAAGLGPVGLLVCSAGAIRLAAVHETEERHWERQLRVNLTVPFLLAREVLPGMRERGFGWVVNIGSGVGSEVVPGSGGYGVSKHTVHRLTELIHEENRDLGIRAVTVAPGWVSTRLAARPADLGVPEEEVLDAEDIADTVAWLLDRPARMSVGPLVRVEPSASRAAAGDAMTRHLTRSRAEGAGPDAEETR,R42R,,0.006,Q59976_STRSQ_Romero_2015,enrichment
MTATAQAGRHPVALVAGASSGIGAAVARRLAARGSAVALVGRREPELKEVAESIRAAGGTALSLALDLAGPGAPAEAVAATAAGLGPVGLLVCSAGAIRLAAVHETEERHWERQLRVNLTVPFLLAREVLPGMRERGFGWVVNIGSGVGSEVVPGSGGYGVSKHTVHRLTELIHEENRDLGIRAVTVAPGWVSTRLAARPADLGVPEEEVLDAEDIADTVAWLLDRPARMSVGPLVRVEPSASRAAAGDAMTRHLTRSRAEGAGPDAEETR,R42P,,-2.5380000000000003,Q59976_STRSQ_Romero_2015,enrichment
MTATAQAGRHPVALVAGASSGIGAAVARRLAARGSAVALVGRREPELKEVAESIRAAGGTALSLALDLAGPGAPAEAVAATAAGLGPVGLLVCSAGAIRLAAVHETEERHWERQLRVNLTVPFLLAREVLPGMRERGFGWVVNIGSGVGSEVVPGSGGYGVSKHTVHRLTELIHEENRDLGIRAVTVAPGWVSTRLAARPADLGVPEEEVLDAEDIADTVAWLLDRPARMSVGPLVRVEPSASRAAAGDAMTRHLTRSRAEGAGPDAEETR,R42C,,-2.174,Q59976_STRSQ_Romero_2015,enrichment
MTATAQAGRHPVALVAGASSGIGAAVARRLAARGSAVALVGRREPELKEVAESIRAAGGTALSLALDLAGPGAPAEAVAATAAGLGPVGLLVCSAGAIRLAAVHETEERHWERQLRVNLTVPFLLAREVLPGMRERGFGWVVNIGSGVGSEVVPGSGGYGVSKHTVHRLTELIHEENRDLGIRAVTVAPGWVSTRLAARPADLGVPEEEVLDAEDIADTVAWLLDRPARMSVGPLVRVEPSASRAAAGDAMTRHLTRSRAEGAGPDAEETR,R42L,,-1.749,Q59976_STRSQ_Romero_2015,enrichment
MTATAQAGRHPVALVAGASSGIGAAVARRLAARGSAVALVGRREPELKEVAESIRAAGGTALSLALDLAGPGAPAEAVAATAAGLGPVGLLVCSAGAIRLAAVHETEERHWERQLRVNLTVPFLLAREVLPGMRERGFGWVVNIGSGVGSEVVPGSGGYGVSKHTVHRLTELIHEENRDLGIRAVTVAPGWVSTRLAARPADLGVPEEEVLDAEDIADTVAWLLDRPARMSVGPLVRVEPSASRAAAGDAMTRHLTRSRAEGAGPDAEETR,R42G,,-1.132,Q59976_STRSQ_Romero_2015,enrichment
MTATAQAGRHPVALVAGASSGIGAAVARRLAARGSAVALVGRREPELKEVAESIRAAGGTALSLALDLAGPGAPAEAVAATAAGLGPVGLLVCSAGAIRLAAVHETEERHWERQLRVNLTVPFLLAREVLPGMRERGFGWVVNIGSGVGSEVVPGSGGYGVSKHTVHRLTELIHEENRDLGIRAVTVAPGWVSTRLAARPADLGVPEEEVLDAEDIADTVAWLLDRPARMSVGPLVRVEPSASRAAAGDAMTRHLTRSRAEGAGPDAEETR,R42H,,-2.336,Q59976_STRSQ_Romero_2015,enrichment
MTATAQAGRHPVALVAGASSGIGAAVARRLAARGSAVALVGRREPELKEVAESIRAAGGTALSLALDLAGPGAPAEAVAATAAGLGPVGLLVCSAGAIRLAAVHETEERHWERQLRVNLTVPFLLAREVLPGMRERGFGWVVNIGSGVGSEVVPGSGGYGVSKHTVHRLTELIHEENRDLGIRAVTVAPGWVSTRLAARPADLGVPEEEVLDAEDIADTVAWLLDRPARMSVGPLVRVEPSASRAAAGDAMTRHLTRSRAEGAGPDAEETR,R43T,,-0.322,Q59976_STRSQ_Romero_2015,enrichment
MTATAQAGRHPVALVAGASSGIGAAVARRLAARGSAVALVGRREPELKEVAESIRAAGGTALSLALDLAGPGAPAEAVAATAAGLGPVGLLVCSAGAIRLAAVHETEERHWERQLRVNLTVPFLLAREVLPGMRERGFGWVVNIGSGVGSEVVPGSGGYGVSKHTVHRLTELIHEENRDLGIRAVTVAPGWVSTRLAARPADLGVPEEEVLDAEDIADTVAWLLDRPARMSVGPLVRVEPSASRAAAGDAMTRHLTRSRAEGAGPDAEETR,P45S,,-2.465,Q59976_STRSQ_Romero_2015,enrichment
MTATAQAGRHPVALVAGASSGIGAAVARRLAARGSAVALVGRREPELKEVAESIRAAGGTALSLALDLAGPGAPAEAVAATAAGLGPVGLLVCSAGAIRLAAVHETEERHWERQLRVNLTVPFLLAREVLPGMRERGFGWVVNIGSGVGSEVVPGSGGYGVSKHTVHRLTELIHEENRDLGIRAVTVAPGWVSTRLAARPADLGVPEEEVLDAEDIADTVAWLLDRPARMSVGPLVRVEPSASRAAAGDAMTRHLTRSRAEGAGPDAEETR,L47W,,-0.84,Q59976_STRSQ_Romero_2015,enrichment
MTATAQAGRHPVALVAGASSGIGAAVARRLAARGSAVALVGRREPELKEVAESIRAAGGTALSLALDLAGPGAPAEAVAATAAGLGPVGLLVCSAGAIRLAAVHETEERHWERQLRVNLTVPFLLAREVLPGMRERGFGWVVNIGSGVGSEVVPGSGGYGVSKHTVHRLTELIHEENRDLGIRAVTVAPGWVSTRLAARPADLGVPEEEVLDAEDIADTVAWLLDRPARMSVGPLVRVEPSASRAAAGDAMTRHLTRSRAEGAGPDAEETR,A51T,,-0.278,Q59976_STRSQ_Romero_2015,enrichment
MTATAQAGRHPVALVAGASSGIGAAVARRLAARGSAVALVGRREPELKEVAESIRAAGGTALSLALDLAGPGAPAEAVAATAAGLGPVGLLVCSAGAIRLAAVHETEERHWERQLRVNLTVPFLLAREVLPGMRERGFGWVVNIGSGVGSEVVPGSGGYGVSKHTVHRLTELIHEENRDLGIRAVTVAPGWVSTRLAARPADLGVPEEEVLDAEDIADTVAWLLDRPARMSVGPLVRVEPSASRAAAGDAMTRHLTRSRAEGAGPDAEETR,A51V,,-0.34,Q59976_STRSQ_Romero_2015,enrichment
MTATAQAGRHPVALVAGASSGIGAAVARRLAARGSAVALVGRREPELKEVAESIRAAGGTALSLALDLAGPGAPAEAVAATAAGLGPVGLLVCSAGAIRLAAVHETEERHWERQLRVNLTVPFLLAREVLPGMRERGFGWVVNIGSGVGSEVVPGSGGYGVSKHTVHRLTELIHEENRDLGIRAVTVAPGWVSTRLAARPADLGVPEEEVLDAEDIADTVAWLLDRPARMSVGPLVRVEPSASRAAAGDAMTRHLTRSRAEGAGPDAEETR,A51S,,-0.159,Q59976_STRSQ_Romero_2015,enrichment
MTATAQAGRHPVALVAGASSGIGAAVARRLAARGSAVALVGRREPELKEVAESIRAAGGTALSLALDLAGPGAPAEAVAATAAGLGPVGLLVCSAGAIRLAAVHETEERHWERQLRVNLTVPFLLAREVLPGMRERGFGWVVNIGSGVGSEVVPGSGGYGVSKHTVHRLTELIHEENRDLGIRAVTVAPGWVSTRLAARPADLGVPEEEVLDAEDIADTVAWLLDRPARMSVGPLVRVEPSASRAAAGDAMTRHLTRSRAEGAGPDAEETR,A51P,,-1.741,Q59976_STRSQ_Romero_2015,enrichment
MTATAQAGRHPVALVAGASSGIGAAVARRLAARGSAVALVGRREPELKEVAESIRAAGGTALSLALDLAGPGAPAEAVAATAAGLGPVGLLVCSAGAIRLAAVHETEERHWERQLRVNLTVPFLLAREVLPGMRERGFGWVVNIGSGVGSEVVPGSGGYGVSKHTVHRLTELIHEENRDLGIRAVTVAPGWVSTRLAARPADLGVPEEEVLDAEDIADTVAWLLDRPARMSVGPLVRVEPSASRAAAGDAMTRHLTRSRAEGAGPDAEETR,A51A,,0.002,Q59976_STRSQ_Romero_2015,enrichment
MTATAQAGRHPVALVAGASSGIGAAVARRLAARGSAVALVGRREPELKEVAESIRAAGGTALSLALDLAGPGAPAEAVAATAAGLGPVGLLVCSAGAIRLAAVHETEERHWERQLRVNLTVPFLLAREVLPGMRERGFGWVVNIGSGVGSEVVPGSGGYGVSKHTVHRLTELIHEENRDLGIRAVTVAPGWVSTRLAARPADLGVPEEEVLDAEDIADTVAWLLDRPARMSVGPLVRVEPSASRAAAGDAMTRHLTRSRAEGAGPDAEETR,A51E,,-2.148,Q59976_STRSQ_Romero_2015,enrichment
MTATAQAGRHPVALVAGASSGIGAAVARRLAARGSAVALVGRREPELKEVAESIRAAGGTALSLALDLAGPGAPAEAVAATAAGLGPVGLLVCSAGAIRLAAVHETEERHWERQLRVNLTVPFLLAREVLPGMRERGFGWVVNIGSGVGSEVVPGSGGYGVSKHTVHRLTELIHEENRDLGIRAVTVAPGWVSTRLAARPADLGVPEEEVLDAEDIADTVAWLLDRPARMSVGPLVRVEPSASRAAAGDAMTRHLTRSRAEGAGPDAEETR,A51G,,-1.095,Q59976_STRSQ_Romero_2015,enrichment
MTATAQAGRHPVALVAGASSGIGAAVARRLAARGSAVALVGRREPELKEVAESIRAAGGTALSLALDLAGPGAPAEAVAATAAGLGPVGLLVCSAGAIRLAAVHETEERHWERQLRVNLTVPFLLAREVLPGMRERGFGWVVNIGSGVGSEVVPGSGGYGVSKHTVHRLTELIHEENRDLGIRAVTVAPGWVSTRLAARPADLGVPEEEVLDAEDIADTVAWLLDRPARMSVGPLVRVEPSASRAAAGDAMTRHLTRSRAEGAGPDAEETR,S53T,,-0.257,Q59976_STRSQ_Romero_2015,enrichment
MTATAQAGRHPVALVAGASSGIGAAVARRLAARGSAVALVGRREPELKEVAESIRAAGGTALSLALDLAGPGAPAEAVAATAAGLGPVGLLVCSAGAIRLAAVHETEERHWERQLRVNLTVPFLLAREVLPGMRERGFGWVVNIGSGVGSEVVPGSGGYGVSKHTVHRLTELIHEENRDLGIRAVTVAPGWVSTRLAARPADLGVPEEEVLDAEDIADTVAWLLDRPARMSVGPLVRVEPSASRAAAGDAMTRHLTRSRAEGAGPDAEETR,R55G,,-0.404,Q59976_STRSQ_Romero_2015,enrichment
MTATAQAGRHPVALVAGASSGIGAAVARRLAARGSAVALVGRREPELKEVAESIRAAGGTALSLALDLAGPGAPAEAVAATAAGLGPVGLLVCSAGAIRLAAVHETEERHWERQLRVNLTVPFLLAREVLPGMRERGFGWVVNIGSGVGSEVVPGSGGYGVSKHTVHRLTELIHEENRDLGIRAVTVAPGWVSTRLAARPADLGVPEEEVLDAEDIADTVAWLLDRPARMSVGPLVRVEPSASRAAAGDAMTRHLTRSRAEGAGPDAEETR,A57V,,-1.807,Q59976_STRSQ_Romero_2015,enrichment
MTATAQAGRHPVALVAGASSGIGAAVARRLAARGSAVALVGRREPELKEVAESIRAAGGTALSLALDLAGPGAPAEAVAATAAGLGPVGLLVCSAGAIRLAAVHETEERHWERQLRVNLTVPFLLAREVLPGMRERGFGWVVNIGSGVGSEVVPGSGGYGVSKHTVHRLTELIHEENRDLGIRAVTVAPGWVSTRLAARPADLGVPEEEVLDAEDIADTVAWLLDRPARMSVGPLVRVEPSASRAAAGDAMTRHLTRSRAEGAGPDAEETR,G58R,,-1.781,Q59976_STRSQ_Romero_2015,enrichment
MTATAQAGRHPVALVAGASSGIGAAVARRLAARGSAVALVGRREPELKEVAESIRAAGGTALSLALDLAGPGAPAEAVAATAAGLGPVGLLVCSAGAIRLAAVHETEERHWERQLRVNLTVPFLLAREVLPGMRERGFGWVVNIGSGVGSEVVPGSGGYGVSKHTVHRLTELIHEENRDLGIRAVTVAPGWVSTRLAARPADLGVPEEEVLDAEDIADTVAWLLDRPARMSVGPLVRVEPSASRAAAGDAMTRHLTRSRAEGAGPDAEETR,A61D,,-0.8059999999999999,Q59976_STRSQ_Romero_2015,enrichment
MTATAQAGRHPVALVAGASSGIGAAVARRLAARGSAVALVGRREPELKEVAESIRAAGGTALSLALDLAGPGAPAEAVAATAAGLGPVGLLVCSAGAIRLAAVHETEERHWERQLRVNLTVPFLLAREVLPGMRERGFGWVVNIGSGVGSEVVPGSGGYGVSKHTVHRLTELIHEENRDLGIRAVTVAPGWVSTRLAARPADLGVPEEEVLDAEDIADTVAWLLDRPARMSVGPLVRVEPSASRAAAGDAMTRHLTRSRAEGAGPDAEETR,S63G,,-1.741,Q59976_STRSQ_Romero_2015,enrichment
MTATAQAGRHPVALVAGASSGIGAAVARRLAARGSAVALVGRREPELKEVAESIRAAGGTALSLALDLAGPGAPAEAVAATAAGLGPVGLLVCSAGAIRLAAVHETEERHWERQLRVNLTVPFLLAREVLPGMRERGFGWVVNIGSGVGSEVVPGSGGYGVSKHTVHRLTELIHEENRDLGIRAVTVAPGWVSTRLAARPADLGVPEEEVLDAEDIADTVAWLLDRPARMSVGPLVRVEPSASRAAAGDAMTRHLTRSRAEGAGPDAEETR,A65V,,-0.703,Q59976_STRSQ_Romero_2015,enrichment
MTATAQAGRHPVALVAGASSGIGAAVARRLAARGSAVALVGRREPELKEVAESIRAAGGTALSLALDLAGPGAPAEAVAATAAGLGPVGLLVCSAGAIRLAAVHETEERHWERQLRVNLTVPFLLAREVLPGMRERGFGWVVNIGSGVGSEVVPGSGGYGVSKHTVHRLTELIHEENRDLGIRAVTVAPGWVSTRLAARPADLGVPEEEVLDAEDIADTVAWLLDRPARMSVGPLVRVEPSASRAAAGDAMTRHLTRSRAEGAGPDAEETR,P71H,,-0.743,Q59976_STRSQ_Romero_2015,enrichment
MTATAQAGRHPVALVAGASSGIGAAVARRLAARGSAVALVGRREPELKEVAESIRAAGGTALSLALDLAGPGAPAEAVAATAAGLGPVGLLVCSAGAIRLAAVHETEERHWERQLRVNLTVPFLLAREVLPGMRERGFGWVVNIGSGVGSEVVPGSGGYGVSKHTVHRLTELIHEENRDLGIRAVTVAPGWVSTRLAARPADLGVPEEEVLDAEDIADTVAWLLDRPARMSVGPLVRVEPSASRAAAGDAMTRHLTRSRAEGAGPDAEETR,G72R,,-0.19,Q59976_STRSQ_Romero_2015,enrichment
MTATAQAGRHPVALVAGASSGIGAAVARRLAARGSAVALVGRREPELKEVAESIRAAGGTALSLALDLAGPGAPAEAVAATAAGLGPVGLLVCSAGAIRLAAVHETEERHWERQLRVNLTVPFLLAREVLPGMRERGFGWVVNIGSGVGSEVVPGSGGYGVSKHTVHRLTELIHEENRDLGIRAVTVAPGWVSTRLAARPADLGVPEEEVLDAEDIADTVAWLLDRPARMSVGPLVRVEPSASRAAAGDAMTRHLTRSRAEGAGPDAEETR,P74R,,-0.562,Q59976_STRSQ_Romero_2015,enrichment
MTATAQAGRHPVALVAGASSGIGAAVARRLAARGSAVALVGRREPELKEVAESIRAAGGTALSLALDLAGPGAPAEAVAATAAGLGPVGLLVCSAGAIRLAAVHETEERHWERQLRVNLTVPFLLAREVLPGMRERGFGWVVNIGSGVGSEVVPGSGGYGVSKHTVHRLTELIHEENRDLGIRAVTVAPGWVSTRLAARPADLGVPEEEVLDAEDIADTVAWLLDRPARMSVGPLVRVEPSASRAAAGDAMTRHLTRSRAEGAGPDAEETR,A75E,,0.002,Q59976_STRSQ_Romero_2015,enrichment
MTATAQAGRHPVALVAGASSGIGAAVARRLAARGSAVALVGRREPELKEVAESIRAAGGTALSLALDLAGPGAPAEAVAATAAGLGPVGLLVCSAGAIRLAAVHETEERHWERQLRVNLTVPFLLAREVLPGMRERGFGWVVNIGSGVGSEVVPGSGGYGVSKHTVHRLTELIHEENRDLGIRAVTVAPGWVSTRLAARPADLGVPEEEVLDAEDIADTVAWLLDRPARMSVGPLVRVEPSASRAAAGDAMTRHLTRSRAEGAGPDAEETR,E76D,,-1.6569999999999998,Q59976_STRSQ_Romero_2015,enrichment
MTATAQAGRHPVALVAGASSGIGAAVARRLAARGSAVALVGRREPELKEVAESIRAAGGTALSLALDLAGPGAPAEAVAATAAGLGPVGLLVCSAGAIRLAAVHETEERHWERQLRVNLTVPFLLAREVLPGMRERGFGWVVNIGSGVGSEVVPGSGGYGVSKHTVHRLTELIHEENRDLGIRAVTVAPGWVSTRLAARPADLGVPEEEVLDAEDIADTVAWLLDRPARMSVGPLVRVEPSASRAAAGDAMTRHLTRSRAEGAGPDAEETR,A77V,,-0.599,Q59976_STRSQ_Romero_2015,enrichment
MTATAQAGRHPVALVAGASSGIGAAVARRLAARGSAVALVGRREPELKEVAESIRAAGGTALSLALDLAGPGAPAEAVAATAAGLGPVGLLVCSAGAIRLAAVHETEERHWERQLRVNLTVPFLLAREVLPGMRERGFGWVVNIGSGVGSEVVPGSGGYGVSKHTVHRLTELIHEENRDLGIRAVTVAPGWVSTRLAARPADLGVPEEEVLDAEDIADTVAWLLDRPARMSVGPLVRVEPSASRAAAGDAMTRHLTRSRAEGAGPDAEETR,V78A,,-0.404,Q59976_STRSQ_Romero_2015,enrichment
MTATAQAGRHPVALVAGASSGIGAAVARRLAARGSAVALVGRREPELKEVAESIRAAGGTALSLALDLAGPGAPAEAVAATAAGLGPVGLLVCSAGAIRLAAVHETEERHWERQLRVNLTVPFLLAREVLPGMRERGFGWVVNIGSGVGSEVVPGSGGYGVSKHTVHRLTELIHEENRDLGIRAVTVAPGWVSTRLAARPADLGVPEEEVLDAEDIADTVAWLLDRPARMSVGPLVRVEPSASRAAAGDAMTRHLTRSRAEGAGPDAEETR,T81A,,-0.507,Q59976_STRSQ_Romero_2015,enrichment
MTATAQAGRHPVALVAGASSGIGAAVARRLAARGSAVALVGRREPELKEVAESIRAAGGTALSLALDLAGPGAPAEAVAATAAGLGPVGLLVCSAGAIRLAAVHETEERHWERQLRVNLTVPFLLAREVLPGMRERGFGWVVNIGSGVGSEVVPGSGGYGVSKHTVHRLTELIHEENRDLGIRAVTVAPGWVSTRLAARPADLGVPEEEVLDAEDIADTVAWLLDRPARMSVGPLVRVEPSASRAAAGDAMTRHLTRSRAEGAGPDAEETR,A82E,,0.032,Q59976_STRSQ_Romero_2015,enrichment
MTATAQAGRHPVALVAGASSGIGAAVARRLAARGSAVALVGRREPELKEVAESIRAAGGTALSLALDLAGPGAPAEAVAATAAGLGPVGLLVCSAGAIRLAAVHETEERHWERQLRVNLTVPFLLAREVLPGMRERGFGWVVNIGSGVGSEVVPGSGGYGVSKHTVHRLTELIHEENRDLGIRAVTVAPGWVSTRLAARPADLGVPEEEVLDAEDIADTVAWLLDRPARMSVGPLVRVEPSASRAAAGDAMTRHLTRSRAEGAGPDAEETR,G84V,,-0.932,Q59976_STRSQ_Romero_2015,enrichment
MTATAQAGRHPVALVAGASSGIGAAVARRLAARGSAVALVGRREPELKEVAESIRAAGGTALSLALDLAGPGAPAEAVAATAAGLGPVGLLVCSAGAIRLAAVHETEERHWERQLRVNLTVPFLLAREVLPGMRERGFGWVVNIGSGVGSEVVPGSGGYGVSKHTVHRLTELIHEENRDLGIRAVTVAPGWVSTRLAARPADLGVPEEEVLDAEDIADTVAWLLDRPARMSVGPLVRVEPSASRAAAGDAMTRHLTRSRAEGAGPDAEETR,G84S,,-0.351,Q59976_STRSQ_Romero_2015,enrichment
MTATAQAGRHPVALVAGASSGIGAAVARRLAARGSAVALVGRREPELKEVAESIRAAGGTALSLALDLAGPGAPAEAVAATAAGLGPVGLLVCSAGAIRLAAVHETEERHWERQLRVNLTVPFLLAREVLPGMRERGFGWVVNIGSGVGSEVVPGSGGYGVSKHTVHRLTELIHEENRDLGIRAVTVAPGWVSTRLAARPADLGVPEEEVLDAEDIADTVAWLLDRPARMSVGPLVRVEPSASRAAAGDAMTRHLTRSRAEGAGPDAEETR,G84R,,-0.036,Q59976_STRSQ_Romero_2015,enrichment
MTATAQAGRHPVALVAGASSGIGAAVARRLAARGSAVALVGRREPELKEVAESIRAAGGTALSLALDLAGPGAPAEAVAATAAGLGPVGLLVCSAGAIRLAAVHETEERHWERQLRVNLTVPFLLAREVLPGMRERGFGWVVNIGSGVGSEVVPGSGGYGVSKHTVHRLTELIHEENRDLGIRAVTVAPGWVSTRLAARPADLGVPEEEVLDAEDIADTVAWLLDRPARMSVGPLVRVEPSASRAAAGDAMTRHLTRSRAEGAGPDAEETR,G84A,,0.066,Q59976_STRSQ_Romero_2015,enrichment
MTATAQAGRHPVALVAGASSGIGAAVARRLAARGSAVALVGRREPELKEVAESIRAAGGTALSLALDLAGPGAPAEAVAATAAGLGPVGLLVCSAGAIRLAAVHETEERHWERQLRVNLTVPFLLAREVLPGMRERGFGWVVNIGSGVGSEVVPGSGGYGVSKHTVHRLTELIHEENRDLGIRAVTVAPGWVSTRLAARPADLGVPEEEVLDAEDIADTVAWLLDRPARMSVGPLVRVEPSASRAAAGDAMTRHLTRSRAEGAGPDAEETR,G84C,,-0.157,Q59976_STRSQ_Romero_2015,enrichment
MTATAQAGRHPVALVAGASSGIGAAVARRLAARGSAVALVGRREPELKEVAESIRAAGGTALSLALDLAGPGAPAEAVAATAAGLGPVGLLVCSAGAIRLAAVHETEERHWERQLRVNLTVPFLLAREVLPGMRERGFGWVVNIGSGVGSEVVPGSGGYGVSKHTVHRLTELIHEENRDLGIRAVTVAPGWVSTRLAARPADLGVPEEEVLDAEDIADTVAWLLDRPARMSVGPLVRVEPSASRAAAGDAMTRHLTRSRAEGAGPDAEETR,G84D,,-0.5770000000000001,Q59976_STRSQ_Romero_2015,enrichment
MTATAQAGRHPVALVAGASSGIGAAVARRLAARGSAVALVGRREPELKEVAESIRAAGGTALSLALDLAGPGAPAEAVAATAAGLGPVGLLVCSAGAIRLAAVHETEERHWERQLRVNLTVPFLLAREVLPGMRERGFGWVVNIGSGVGSEVVPGSGGYGVSKHTVHRLTELIHEENRDLGIRAVTVAPGWVSTRLAARPADLGVPEEEVLDAEDIADTVAWLLDRPARMSVGPLVRVEPSASRAAAGDAMTRHLTRSRAEGAGPDAEETR,G84G,,0.001,Q59976_STRSQ_Romero_2015,enrichment
MTATAQAGRHPVALVAGASSGIGAAVARRLAARGSAVALVGRREPELKEVAESIRAAGGTALSLALDLAGPGAPAEAVAATAAGLGPVGLLVCSAGAIRLAAVHETEERHWERQLRVNLTVPFLLAREVLPGMRERGFGWVVNIGSGVGSEVVPGSGGYGVSKHTVHRLTELIHEENRDLGIRAVTVAPGWVSTRLAARPADLGVPEEEVLDAEDIADTVAWLLDRPARMSVGPLVRVEPSASRAAAGDAMTRHLTRSRAEGAGPDAEETR,L85V,,0.337,Q59976_STRSQ_Romero_2015,enrichment
MTATAQAGRHPVALVAGASSGIGAAVARRLAARGSAVALVGRREPELKEVAESIRAAGGTALSLALDLAGPGAPAEAVAATAAGLGPVGLLVCSAGAIRLAAVHETEERHWERQLRVNLTVPFLLAREVLPGMRERGFGWVVNIGSGVGSEVVPGSGGYGVSKHTVHRLTELIHEENRDLGIRAVTVAPGWVSTRLAARPADLGVPEEEVLDAEDIADTVAWLLDRPARMSVGPLVRVEPSASRAAAGDAMTRHLTRSRAEGAGPDAEETR,L85R,,-2.291,Q59976_STRSQ_Romero_2015,enrichment
MTATAQAGRHPVALVAGASSGIGAAVARRLAARGSAVALVGRREPELKEVAESIRAAGGTALSLALDLAGPGAPAEAVAATAAGLGPVGLLVCSAGAIRLAAVHETEERHWERQLRVNLTVPFLLAREVLPGMRERGFGWVVNIGSGVGSEVVPGSGGYGVSKHTVHRLTELIHEENRDLGIRAVTVAPGWVSTRLAARPADLGVPEEEVLDAEDIADTVAWLLDRPARMSVGPLVRVEPSASRAAAGDAMTRHLTRSRAEGAGPDAEETR,L85Q,,-0.6759999999999999,Q59976_STRSQ_Romero_2015,enrichment
MTATAQAGRHPVALVAGASSGIGAAVARRLAARGSAVALVGRREPELKEVAESIRAAGGTALSLALDLAGPGAPAEAVAATAAGLGPVGLLVCSAGAIRLAAVHETEERHWERQLRVNLTVPFLLAREVLPGMRERGFGWVVNIGSGVGSEVVPGSGGYGVSKHTVHRLTELIHEENRDLGIRAVTVAPGWVSTRLAARPADLGVPEEEVLDAEDIADTVAWLLDRPARMSVGPLVRVEPSASRAAAGDAMTRHLTRSRAEGAGPDAEETR,L85M,,-0.454,Q59976_STRSQ_Romero_2015,enrichment
MTATAQAGRHPVALVAGASSGIGAAVARRLAARGSAVALVGRREPELKEVAESIRAAGGTALSLALDLAGPGAPAEAVAATAAGLGPVGLLVCSAGAIRLAAVHETEERHWERQLRVNLTVPFLLAREVLPGMRERGFGWVVNIGSGVGSEVVPGSGGYGVSKHTVHRLTELIHEENRDLGIRAVTVAPGWVSTRLAARPADLGVPEEEVLDAEDIADTVAWLLDRPARMSVGPLVRVEPSASRAAAGDAMTRHLTRSRAEGAGPDAEETR,L85P,,-1.764,Q59976_STRSQ_Romero_2015,enrichment
MTATAQAGRHPVALVAGASSGIGAAVARRLAARGSAVALVGRREPELKEVAESIRAAGGTALSLALDLAGPGAPAEAVAATAAGLGPVGLLVCSAGAIRLAAVHETEERHWERQLRVNLTVPFLLAREVLPGMRERGFGWVVNIGSGVGSEVVPGSGGYGVSKHTVHRLTELIHEENRDLGIRAVTVAPGWVSTRLAARPADLGVPEEEVLDAEDIADTVAWLLDRPARMSVGPLVRVEPSASRAAAGDAMTRHLTRSRAEGAGPDAEETR,L85L,,0.005,Q59976_STRSQ_Romero_2015,enrichment
MTATAQAGRHPVALVAGASSGIGAAVARRLAARGSAVALVGRREPELKEVAESIRAAGGTALSLALDLAGPGAPAEAVAATAAGLGPVGLLVCSAGAIRLAAVHETEERHWERQLRVNLTVPFLLAREVLPGMRERGFGWVVNIGSGVGSEVVPGSGGYGVSKHTVHRLTELIHEENRDLGIRAVTVAPGWVSTRLAARPADLGVPEEEVLDAEDIADTVAWLLDRPARMSVGPLVRVEPSASRAAAGDAMTRHLTRSRAEGAGPDAEETR,G86V,,-0.378,Q59976_STRSQ_Romero_2015,enrichment
MTATAQAGRHPVALVAGASSGIGAAVARRLAARGSAVALVGRREPELKEVAESIRAAGGTALSLALDLAGPGAPAEAVAATAAGLGPVGLLVCSAGAIRLAAVHETEERHWERQLRVNLTVPFLLAREVLPGMRERGFGWVVNIGSGVGSEVVPGSGGYGVSKHTVHRLTELIHEENRDLGIRAVTVAPGWVSTRLAARPADLGVPEEEVLDAEDIADTVAWLLDRPARMSVGPLVRVEPSASRAAAGDAMTRHLTRSRAEGAGPDAEETR,G86S,,-0.324,Q59976_STRSQ_Romero_2015,enrichment
MTATAQAGRHPVALVAGASSGIGAAVARRLAARGSAVALVGRREPELKEVAESIRAAGGTALSLALDLAGPGAPAEAVAATAAGLGPVGLLVCSAGAIRLAAVHETEERHWERQLRVNLTVPFLLAREVLPGMRERGFGWVVNIGSGVGSEVVPGSGGYGVSKHTVHRLTELIHEENRDLGIRAVTVAPGWVSTRLAARPADLGVPEEEVLDAEDIADTVAWLLDRPARMSVGPLVRVEPSASRAAAGDAMTRHLTRSRAEGAGPDAEETR,G86R,,-0.195,Q59976_STRSQ_Romero_2015,enrichment
MTATAQAGRHPVALVAGASSGIGAAVARRLAARGSAVALVGRREPELKEVAESIRAAGGTALSLALDLAGPGAPAEAVAATAAGLGPVGLLVCSAGAIRLAAVHETEERHWERQLRVNLTVPFLLAREVLPGMRERGFGWVVNIGSGVGSEVVPGSGGYGVSKHTVHRLTELIHEENRDLGIRAVTVAPGWVSTRLAARPADLGVPEEEVLDAEDIADTVAWLLDRPARMSVGPLVRVEPSASRAAAGDAMTRHLTRSRAEGAGPDAEETR,G86A,,0.74,Q59976_STRSQ_Romero_2015,enrichment
MTATAQAGRHPVALVAGASSGIGAAVARRLAARGSAVALVGRREPELKEVAESIRAAGGTALSLALDLAGPGAPAEAVAATAAGLGPVGLLVCSAGAIRLAAVHETEERHWERQLRVNLTVPFLLAREVLPGMRERGFGWVVNIGSGVGSEVVPGSGGYGVSKHTVHRLTELIHEENRDLGIRAVTVAPGWVSTRLAARPADLGVPEEEVLDAEDIADTVAWLLDRPARMSVGPLVRVEPSASRAAAGDAMTRHLTRSRAEGAGPDAEETR,G86C,,-0.6729999999999999,Q59976_STRSQ_Romero_2015,enrichment
MTATAQAGRHPVALVAGASSGIGAAVARRLAARGSAVALVGRREPELKEVAESIRAAGGTALSLALDLAGPGAPAEAVAATAAGLGPVGLLVCSAGAIRLAAVHETEERHWERQLRVNLTVPFLLAREVLPGMRERGFGWVVNIGSGVGSEVVPGSGGYGVSKHTVHRLTELIHEENRDLGIRAVTVAPGWVSTRLAARPADLGVPEEEVLDAEDIADTVAWLLDRPARMSVGPLVRVEPSASRAAAGDAMTRHLTRSRAEGAGPDAEETR,G86D,,-0.181,Q59976_STRSQ_Romero_2015,enrichment
MTATAQAGRHPVALVAGASSGIGAAVARRLAARGSAVALVGRREPELKEVAESIRAAGGTALSLALDLAGPGAPAEAVAATAAGLGPVGLLVCSAGAIRLAAVHETEERHWERQLRVNLTVPFLLAREVLPGMRERGFGWVVNIGSGVGSEVVPGSGGYGVSKHTVHRLTELIHEENRDLGIRAVTVAPGWVSTRLAARPADLGVPEEEVLDAEDIADTVAWLLDRPARMSVGPLVRVEPSASRAAAGDAMTRHLTRSRAEGAGPDAEETR,G86G,,0.001,Q59976_STRSQ_Romero_2015,enrichment
MTATAQAGRHPVALVAGASSGIGAAVARRLAARGSAVALVGRREPELKEVAESIRAAGGTALSLALDLAGPGAPAEAVAATAAGLGPVGLLVCSAGAIRLAAVHETEERHWERQLRVNLTVPFLLAREVLPGMRERGFGWVVNIGSGVGSEVVPGSGGYGVSKHTVHRLTELIHEENRDLGIRAVTVAPGWVSTRLAARPADLGVPEEEVLDAEDIADTVAWLLDRPARMSVGPLVRVEPSASRAAAGDAMTRHLTRSRAEGAGPDAEETR,P87A,,-1.119,Q59976_STRSQ_Romero_2015,enrichment
MTATAQAGRHPVALVAGASSGIGAAVARRLAARGSAVALVGRREPELKEVAESIRAAGGTALSLALDLAGPGAPAEAVAATAAGLGPVGLLVCSAGAIRLAAVHETEERHWERQLRVNLTVPFLLAREVLPGMRERGFGWVVNIGSGVGSEVVPGSGGYGVSKHTVHRLTELIHEENRDLGIRAVTVAPGWVSTRLAARPADLGVPEEEVLDAEDIADTVAWLLDRPARMSVGPLVRVEPSASRAAAGDAMTRHLTRSRAEGAGPDAEETR,G89R,,-1.7,Q59976_STRSQ_Romero_2015,enrichment
MTATAQAGRHPVALVAGASSGIGAAVARRLAARGSAVALVGRREPELKEVAESIRAAGGTALSLALDLAGPGAPAEAVAATAAGLGPVGLLVCSAGAIRLAAVHETEERHWERQLRVNLTVPFLLAREVLPGMRERGFGWVVNIGSGVGSEVVPGSGGYGVSKHTVHRLTELIHEENRDLGIRAVTVAPGWVSTRLAARPADLGVPEEEVLDAEDIADTVAWLLDRPARMSVGPLVRVEPSASRAAAGDAMTRHLTRSRAEGAGPDAEETR,L90F,,-0.87,Q59976_STRSQ_Romero_2015,enrichment
MTATAQAGRHPVALVAGASSGIGAAVARRLAARGSAVALVGRREPELKEVAESIRAAGGTALSLALDLAGPGAPAEAVAATAAGLGPVGLLVCSAGAIRLAAVHETEERHWERQLRVNLTVPFLLAREVLPGMRERGFGWVVNIGSGVGSEVVPGSGGYGVSKHTVHRLTELIHEENRDLGIRAVTVAPGWVSTRLAARPADLGVPEEEVLDAEDIADTVAWLLDRPARMSVGPLVRVEPSASRAAAGDAMTRHLTRSRAEGAGPDAEETR,V92L,,-0.758,Q59976_STRSQ_Romero_2015,enrichment
MTATAQAGRHPVALVAGASSGIGAAVARRLAARGSAVALVGRREPELKEVAESIRAAGGTALSLALDLAGPGAPAEAVAATAAGLGPVGLLVCSAGAIRLAAVHETEERHWERQLRVNLTVPFLLAREVLPGMRERGFGWVVNIGSGVGSEVVPGSGGYGVSKHTVHRLTELIHEENRDLGIRAVTVAPGWVSTRLAARPADLGVPEEEVLDAEDIADTVAWLLDRPARMSVGPLVRVEPSASRAAAGDAMTRHLTRSRAEGAGPDAEETR,S94W,,0.232,Q59976_STRSQ_Romero_2015,enrichment
MTATAQAGRHPVALVAGASSGIGAAVARRLAARGSAVALVGRREPELKEVAESIRAAGGTALSLALDLAGPGAPAEAVAATAAGLGPVGLLVCSAGAIRLAAVHETEERHWERQLRVNLTVPFLLAREVLPGMRERGFGWVVNIGSGVGSEVVPGSGGYGVSKHTVHRLTELIHEENRDLGIRAVTVAPGWVSTRLAARPADLGVPEEEVLDAEDIADTVAWLLDRPARMSVGPLVRVEPSASRAAAGDAMTRHLTRSRAEGAGPDAEETR,A95P,,-0.625,Q59976_STRSQ_Romero_2015,enrichment
MTATAQAGRHPVALVAGASSGIGAAVARRLAARGSAVALVGRREPELKEVAESIRAAGGTALSLALDLAGPGAPAEAVAATAAGLGPVGLLVCSAGAIRLAAVHETEERHWERQLRVNLTVPFLLAREVLPGMRERGFGWVVNIGSGVGSEVVPGSGGYGVSKHTVHRLTELIHEENRDLGIRAVTVAPGWVSTRLAARPADLGVPEEEVLDAEDIADTVAWLLDRPARMSVGPLVRVEPSASRAAAGDAMTRHLTRSRAEGAGPDAEETR,G96R,,-2.138,Q59976_STRSQ_Romero_2015,enrichment
MTATAQAGRHPVALVAGASSGIGAAVARRLAARGSAVALVGRREPELKEVAESIRAAGGTALSLALDLAGPGAPAEAVAATAAGLGPVGLLVCSAGAIRLAAVHETEERHWERQLRVNLTVPFLLAREVLPGMRERGFGWVVNIGSGVGSEVVPGSGGYGVSKHTVHRLTELIHEENRDLGIRAVTVAPGWVSTRLAARPADLGVPEEEVLDAEDIADTVAWLLDRPARMSVGPLVRVEPSASRAAAGDAMTRHLTRSRAEGAGPDAEETR,R99P,,-0.63,Q59976_STRSQ_Romero_2015,enrichment
MTATAQAGRHPVALVAGASSGIGAAVARRLAARGSAVALVGRREPELKEVAESIRAAGGTALSLALDLAGPGAPAEAVAATAAGLGPVGLLVCSAGAIRLAAVHETEERHWERQLRVNLTVPFLLAREVLPGMRERGFGWVVNIGSGVGSEVVPGSGGYGVSKHTVHRLTELIHEENRDLGIRAVTVAPGWVSTRLAARPADLGVPEEEVLDAEDIADTVAWLLDRPARMSVGPLVRVEPSASRAAAGDAMTRHLTRSRAEGAGPDAEETR,A101G,,-0.512,Q59976_STRSQ_Romero_2015,enrichment
MTATAQAGRHPVALVAGASSGIGAAVARRLAARGSAVALVGRREPELKEVAESIRAAGGTALSLALDLAGPGAPAEAVAATAAGLGPVGLLVCSAGAIRLAAVHETEERHWERQLRVNLTVPFLLAREVLPGMRERGFGWVVNIGSGVGSEVVPGSGGYGVSKHTVHRLTELIHEENRDLGIRAVTVAPGWVSTRLAARPADLGVPEEEVLDAEDIADTVAWLLDRPARMSVGPLVRVEPSASRAAAGDAMTRHLTRSRAEGAGPDAEETR,V103G,,-0.101,Q59976_STRSQ_Romero_2015,enrichment
MTATAQAGRHPVALVAGASSGIGAAVARRLAARGSAVALVGRREPELKEVAESIRAAGGTALSLALDLAGPGAPAEAVAATAAGLGPVGLLVCSAGAIRLAAVHETEERHWERQLRVNLTVPFLLAREVLPGMRERGFGWVVNIGSGVGSEVVPGSGGYGVSKHTVHRLTELIHEENRDLGIRAVTVAPGWVSTRLAARPADLGVPEEEVLDAEDIADTVAWLLDRPARMSVGPLVRVEPSASRAAAGDAMTRHLTRSRAEGAGPDAEETR,E105A,,-0.513,Q59976_STRSQ_Romero_2015,enrichment
MTATAQAGRHPVALVAGASSGIGAAVARRLAARGSAVALVGRREPELKEVAESIRAAGGTALSLALDLAGPGAPAEAVAATAAGLGPVGLLVCSAGAIRLAAVHETEERHWERQLRVNLTVPFLLAREVLPGMRERGFGWVVNIGSGVGSEVVPGSGGYGVSKHTVHRLTELIHEENRDLGIRAVTVAPGWVSTRLAARPADLGVPEEEVLDAEDIADTVAWLLDRPARMSVGPLVRVEPSASRAAAGDAMTRHLTRSRAEGAGPDAEETR,E107Q,,0.484,Q59976_STRSQ_Romero_2015,enrichment
MTATAQAGRHPVALVAGASSGIGAAVARRLAARGSAVALVGRREPELKEVAESIRAAGGTALSLALDLAGPGAPAEAVAATAAGLGPVGLLVCSAGAIRLAAVHETEERHWERQLRVNLTVPFLLAREVLPGMRERGFGWVVNIGSGVGSEVVPGSGGYGVSKHTVHRLTELIHEENRDLGIRAVTVAPGWVSTRLAARPADLGVPEEEVLDAEDIADTVAWLLDRPARMSVGPLVRVEPSASRAAAGDAMTRHLTRSRAEGAGPDAEETR,E108K,,-0.491,Q59976_STRSQ_Romero_2015,enrichment
MTATAQAGRHPVALVAGASSGIGAAVARRLAARGSAVALVGRREPELKEVAESIRAAGGTALSLALDLAGPGAPAEAVAATAAGLGPVGLLVCSAGAIRLAAVHETEERHWERQLRVNLTVPFLLAREVLPGMRERGFGWVVNIGSGVGSEVVPGSGGYGVSKHTVHRLTELIHEENRDLGIRAVTVAPGWVSTRLAARPADLGVPEEEVLDAEDIADTVAWLLDRPARMSVGPLVRVEPSASRAAAGDAMTRHLTRSRAEGAGPDAEETR,R109G,,-0.989,Q59976_STRSQ_Romero_2015,enrichment
MTATAQAGRHPVALVAGASSGIGAAVARRLAARGSAVALVGRREPELKEVAESIRAAGGTALSLALDLAGPGAPAEAVAATAAGLGPVGLLVCSAGAIRLAAVHETEERHWERQLRVNLTVPFLLAREVLPGMRERGFGWVVNIGSGVGSEVVPGSGGYGVSKHTVHRLTELIHEENRDLGIRAVTVAPGWVSTRLAARPADLGVPEEEVLDAEDIADTVAWLLDRPARMSVGPLVRVEPSASRAAAGDAMTRHLTRSRAEGAGPDAEETR,L115R,,-0.476,Q59976_STRSQ_Romero_2015,enrichment
MTATAQAGRHPVALVAGASSGIGAAVARRLAARGSAVALVGRREPELKEVAESIRAAGGTALSLALDLAGPGAPAEAVAATAAGLGPVGLLVCSAGAIRLAAVHETEERHWERQLRVNLTVPFLLAREVLPGMRERGFGWVVNIGSGVGSEVVPGSGGYGVSKHTVHRLTELIHEENRDLGIRAVTVAPGWVSTRLAARPADLGVPEEEVLDAEDIADTVAWLLDRPARMSVGPLVRVEPSASRAAAGDAMTRHLTRSRAEGAGPDAEETR,R116L,,-2.472,Q59976_STRSQ_Romero_2015,enrichment
MTATAQAGRHPVALVAGASSGIGAAVARRLAARGSAVALVGRREPELKEVAESIRAAGGTALSLALDLAGPGAPAEAVAATAAGLGPVGLLVCSAGAIRLAAVHETEERHWERQLRVNLTVPFLLAREVLPGMRERGFGWVVNIGSGVGSEVVPGSGGYGVSKHTVHRLTELIHEENRDLGIRAVTVAPGWVSTRLAARPADLGVPEEEVLDAEDIADTVAWLLDRPARMSVGPLVRVEPSASRAAAGDAMTRHLTRSRAEGAGPDAEETR,V117A,,-0.195,Q59976_STRSQ_Romero_2015,enrichment
MTATAQAGRHPVALVAGASSGIGAAVARRLAARGSAVALVGRREPELKEVAESIRAAGGTALSLALDLAGPGAPAEAVAATAAGLGPVGLLVCSAGAIRLAAVHETEERHWERQLRVNLTVPFLLAREVLPGMRERGFGWVVNIGSGVGSEVVPGSGGYGVSKHTVHRLTELIHEENRDLGIRAVTVAPGWVSTRLAARPADLGVPEEEVLDAEDIADTVAWLLDRPARMSVGPLVRVEPSASRAAAGDAMTRHLTRSRAEGAGPDAEETR,N118D,,-1.069,Q59976_STRSQ_Romero_2015,enrichment
MTATAQAGRHPVALVAGASSGIGAAVARRLAARGSAVALVGRREPELKEVAESIRAAGGTALSLALDLAGPGAPAEAVAATAAGLGPVGLLVCSAGAIRLAAVHETEERHWERQLRVNLTVPFLLAREVLPGMRERGFGWVVNIGSGVGSEVVPGSGGYGVSKHTVHRLTELIHEENRDLGIRAVTVAPGWVSTRLAARPADLGVPEEEVLDAEDIADTVAWLLDRPARMSVGPLVRVEPSASRAAAGDAMTRHLTRSRAEGAGPDAEETR,V121L,,-0.6659999999999999,Q59976_STRSQ_Romero_2015,enrichment
MTATAQAGRHPVALVAGASSGIGAAVARRLAARGSAVALVGRREPELKEVAESIRAAGGTALSLALDLAGPGAPAEAVAATAAGLGPVGLLVCSAGAIRLAAVHETEERHWERQLRVNLTVPFLLAREVLPGMRERGFGWVVNIGSGVGSEVVPGSGGYGVSKHTVHRLTELIHEENRDLGIRAVTVAPGWVSTRLAARPADLGVPEEEVLDAEDIADTVAWLLDRPARMSVGPLVRVEPSASRAAAGDAMTRHLTRSRAEGAGPDAEETR,P122A,,-0.362,Q59976_STRSQ_Romero_2015,enrichment
MTATAQAGRHPVALVAGASSGIGAAVARRLAARGSAVALVGRREPELKEVAESIRAAGGTALSLALDLAGPGAPAEAVAATAAGLGPVGLLVCSAGAIRLAAVHETEERHWERQLRVNLTVPFLLAREVLPGMRERGFGWVVNIGSGVGSEVVPGSGGYGVSKHTVHRLTELIHEENRDLGIRAVTVAPGWVSTRLAARPADLGVPEEEVLDAEDIADTVAWLLDRPARMSVGPLVRVEPSASRAAAGDAMTRHLTRSRAEGAGPDAEETR,L125I,,-0.022,Q59976_STRSQ_Romero_2015,enrichment
MTATAQAGRHPVALVAGASSGIGAAVARRLAARGSAVALVGRREPELKEVAESIRAAGGTALSLALDLAGPGAPAEAVAATAAGLGPVGLLVCSAGAIRLAAVHETEERHWERQLRVNLTVPFLLAREVLPGMRERGFGWVVNIGSGVGSEVVPGSGGYGVSKHTVHRLTELIHEENRDLGIRAVTVAPGWVSTRLAARPADLGVPEEEVLDAEDIADTVAWLLDRPARMSVGPLVRVEPSASRAAAGDAMTRHLTRSRAEGAGPDAEETR,R127P,,-1.461,Q59976_STRSQ_Romero_2015,enrichment
MTATAQAGRHPVALVAGASSGIGAAVARRLAARGSAVALVGRREPELKEVAESIRAAGGTALSLALDLAGPGAPAEAVAATAAGLGPVGLLVCSAGAIRLAAVHETEERHWERQLRVNLTVPFLLAREVLPGMRERGFGWVVNIGSGVGSEVVPGSGGYGVSKHTVHRLTELIHEENRDLGIRAVTVAPGWVSTRLAARPADLGVPEEEVLDAEDIADTVAWLLDRPARMSVGPLVRVEPSASRAAAGDAMTRHLTRSRAEGAGPDAEETR,V129A,,-0.182,Q59976_STRSQ_Romero_2015,enrichment
MTATAQAGRHPVALVAGASSGIGAAVARRLAARGSAVALVGRREPELKEVAESIRAAGGTALSLALDLAGPGAPAEAVAATAAGLGPVGLLVCSAGAIRLAAVHETEERHWERQLRVNLTVPFLLAREVLPGMRERGFGWVVNIGSGVGSEVVPGSGGYGVSKHTVHRLTELIHEENRDLGIRAVTVAPGWVSTRLAARPADLGVPEEEVLDAEDIADTVAWLLDRPARMSVGPLVRVEPSASRAAAGDAMTRHLTRSRAEGAGPDAEETR,P131L,,-2.9760000000000004,Q59976_STRSQ_Romero_2015,enrichment
MTATAQAGRHPVALVAGASSGIGAAVARRLAARGSAVALVGRREPELKEVAESIRAAGGTALSLALDLAGPGAPAEAVAATAAGLGPVGLLVCSAGAIRLAAVHETEERHWERQLRVNLTVPFLLAREVLPGMRERGFGWVVNIGSGVGSEVVPGSGGYGVSKHTVHRLTELIHEENRDLGIRAVTVAPGWVSTRLAARPADLGVPEEEVLDAEDIADTVAWLLDRPARMSVGPLVRVEPSASRAAAGDAMTRHLTRSRAEGAGPDAEETR,R134W,,-2.702,Q59976_STRSQ_Romero_2015,enrichment
MTATAQAGRHPVALVAGASSGIGAAVARRLAARGSAVALVGRREPELKEVAESIRAAGGTALSLALDLAGPGAPAEAVAATAAGLGPVGLLVCSAGAIRLAAVHETEERHWERQLRVNLTVPFLLAREVLPGMRERGFGWVVNIGSGVGSEVVPGSGGYGVSKHTVHRLTELIHEENRDLGIRAVTVAPGWVSTRLAARPADLGVPEEEVLDAEDIADTVAWLLDRPARMSVGPLVRVEPSASRAAAGDAMTRHLTRSRAEGAGPDAEETR,E135D,,-2.106,Q59976_STRSQ_Romero_2015,enrichment
MTATAQAGRHPVALVAGASSGIGAAVARRLAARGSAVALVGRREPELKEVAESIRAAGGTALSLALDLAGPGAPAEAVAATAAGLGPVGLLVCSAGAIRLAAVHETEERHWERQLRVNLTVPFLLAREVLPGMRERGFGWVVNIGSGVGSEVVPGSGGYGVSKHTVHRLTELIHEENRDLGIRAVTVAPGWVSTRLAARPADLGVPEEEVLDAEDIADTVAWLLDRPARMSVGPLVRVEPSASRAAAGDAMTRHLTRSRAEGAGPDAEETR,R136L,,-1.906,Q59976_STRSQ_Romero_2015,enrichment
MTATAQAGRHPVALVAGASSGIGAAVARRLAARGSAVALVGRREPELKEVAESIRAAGGTALSLALDLAGPGAPAEAVAATAAGLGPVGLLVCSAGAIRLAAVHETEERHWERQLRVNLTVPFLLAREVLPGMRERGFGWVVNIGSGVGSEVVPGSGGYGVSKHTVHRLTELIHEENRDLGIRAVTVAPGWVSTRLAARPADLGVPEEEVLDAEDIADTVAWLLDRPARMSVGPLVRVEPSASRAAAGDAMTRHLTRSRAEGAGPDAEETR,G139E,,-0.303,Q59976_STRSQ_Romero_2015,enrichment
MTATAQAGRHPVALVAGASSGIGAAVARRLAARGSAVALVGRREPELKEVAESIRAAGGTALSLALDLAGPGAPAEAVAATAAGLGPVGLLVCSAGAIRLAAVHETEERHWERQLRVNLTVPFLLAREVLPGMRERGFGWVVNIGSGVGSEVVPGSGGYGVSKHTVHRLTELIHEENRDLGIRAVTVAPGWVSTRLAARPADLGVPEEEVLDAEDIADTVAWLLDRPARMSVGPLVRVEPSASRAAAGDAMTRHLTRSRAEGAGPDAEETR,V141E,,-2.624,Q59976_STRSQ_Romero_2015,enrichment
MTATAQAGRHPVALVAGASSGIGAAVARRLAARGSAVALVGRREPELKEVAESIRAAGGTALSLALDLAGPGAPAEAVAATAAGLGPVGLLVCSAGAIRLAAVHETEERHWERQLRVNLTVPFLLAREVLPGMRERGFGWVVNIGSGVGSEVVPGSGGYGVSKHTVHRLTELIHEENRDLGIRAVTVAPGWVSTRLAARPADLGVPEEEVLDAEDIADTVAWLLDRPARMSVGPLVRVEPSASRAAAGDAMTRHLTRSRAEGAGPDAEETR,G145R,,-1.128,Q59976_STRSQ_Romero_2015,enrichment
MTATAQAGRHPVALVAGASSGIGAAVARRLAARGSAVALVGRREPELKEVAESIRAAGGTALSLALDLAGPGAPAEAVAATAAGLGPVGLLVCSAGAIRLAAVHETEERHWERQLRVNLTVPFLLAREVLPGMRERGFGWVVNIGSGVGSEVVPGSGGYGVSKHTVHRLTELIHEENRDLGIRAVTVAPGWVSTRLAARPADLGVPEEEVLDAEDIADTVAWLLDRPARMSVGPLVRVEPSASRAAAGDAMTRHLTRSRAEGAGPDAEETR,G145S,,-2.162,Q59976_STRSQ_Romero_2015,enrichment
MTATAQAGRHPVALVAGASSGIGAAVARRLAARGSAVALVGRREPELKEVAESIRAAGGTALSLALDLAGPGAPAEAVAATAAGLGPVGLLVCSAGAIRLAAVHETEERHWERQLRVNLTVPFLLAREVLPGMRERGFGWVVNIGSGVGSEVVPGSGGYGVSKHTVHRLTELIHEENRDLGIRAVTVAPGWVSTRLAARPADLGVPEEEVLDAEDIADTVAWLLDRPARMSVGPLVRVEPSASRAAAGDAMTRHLTRSRAEGAGPDAEETR,G145V,,-1.476,Q59976_STRSQ_Romero_2015,enrichment
MTATAQAGRHPVALVAGASSGIGAAVARRLAARGSAVALVGRREPELKEVAESIRAAGGTALSLALDLAGPGAPAEAVAATAAGLGPVGLLVCSAGAIRLAAVHETEERHWERQLRVNLTVPFLLAREVLPGMRERGFGWVVNIGSGVGSEVVPGSGGYGVSKHTVHRLTELIHEENRDLGIRAVTVAPGWVSTRLAARPADLGVPEEEVLDAEDIADTVAWLLDRPARMSVGPLVRVEPSASRAAAGDAMTRHLTRSRAEGAGPDAEETR,G145C,,-1.531,Q59976_STRSQ_Romero_2015,enrichment
MTATAQAGRHPVALVAGASSGIGAAVARRLAARGSAVALVGRREPELKEVAESIRAAGGTALSLALDLAGPGAPAEAVAATAAGLGPVGLLVCSAGAIRLAAVHETEERHWERQLRVNLTVPFLLAREVLPGMRERGFGWVVNIGSGVGSEVVPGSGGYGVSKHTVHRLTELIHEENRDLGIRAVTVAPGWVSTRLAARPADLGVPEEEVLDAEDIADTVAWLLDRPARMSVGPLVRVEPSASRAAAGDAMTRHLTRSRAEGAGPDAEETR,G145D,,-2.276,Q59976_STRSQ_Romero_2015,enrichment
MTATAQAGRHPVALVAGASSGIGAAVARRLAARGSAVALVGRREPELKEVAESIRAAGGTALSLALDLAGPGAPAEAVAATAAGLGPVGLLVCSAGAIRLAAVHETEERHWERQLRVNLTVPFLLAREVLPGMRERGFGWVVNIGSGVGSEVVPGSGGYGVSKHTVHRLTELIHEENRDLGIRAVTVAPGWVSTRLAARPADLGVPEEEVLDAEDIADTVAWLLDRPARMSVGPLVRVEPSASRAAAGDAMTRHLTRSRAEGAGPDAEETR,G145A,,-1.394,Q59976_STRSQ_Romero_2015,enrichment
MTATAQAGRHPVALVAGASSGIGAAVARRLAARGSAVALVGRREPELKEVAESIRAAGGTALSLALDLAGPGAPAEAVAATAAGLGPVGLLVCSAGAIRLAAVHETEERHWERQLRVNLTVPFLLAREVLPGMRERGFGWVVNIGSGVGSEVVPGSGGYGVSKHTVHRLTELIHEENRDLGIRAVTVAPGWVSTRLAARPADLGVPEEEVLDAEDIADTVAWLLDRPARMSVGPLVRVEPSASRAAAGDAMTRHLTRSRAEGAGPDAEETR,G145G,,0.003,Q59976_STRSQ_Romero_2015,enrichment
MTATAQAGRHPVALVAGASSGIGAAVARRLAARGSAVALVGRREPELKEVAESIRAAGGTALSLALDLAGPGAPAEAVAATAAGLGPVGLLVCSAGAIRLAAVHETEERHWERQLRVNLTVPFLLAREVLPGMRERGFGWVVNIGSGVGSEVVPGSGGYGVSKHTVHRLTELIHEENRDLGIRAVTVAPGWVSTRLAARPADLGVPEEEVLDAEDIADTVAWLLDRPARMSVGPLVRVEPSASRAAAGDAMTRHLTRSRAEGAGPDAEETR,S146W,,0.183,Q59976_STRSQ_Romero_2015,enrichment
MTATAQAGRHPVALVAGASSGIGAAVARRLAARGSAVALVGRREPELKEVAESIRAAGGTALSLALDLAGPGAPAEAVAATAAGLGPVGLLVCSAGAIRLAAVHETEERHWERQLRVNLTVPFLLAREVLPGMRERGFGWVVNIGSGVGSEVVPGSGGYGVSKHTVHRLTELIHEENRDLGIRAVTVAPGWVSTRLAARPADLGVPEEEVLDAEDIADTVAWLLDRPARMSVGPLVRVEPSASRAAAGDAMTRHLTRSRAEGAGPDAEETR,V148E,,-0.319,Q59976_STRSQ_Romero_2015,enrichment
MTATAQAGRHPVALVAGASSGIGAAVARRLAARGSAVALVGRREPELKEVAESIRAAGGTALSLALDLAGPGAPAEAVAATAAGLGPVGLLVCSAGAIRLAAVHETEERHWERQLRVNLTVPFLLAREVLPGMRERGFGWVVNIGSGVGSEVVPGSGGYGVSKHTVHRLTELIHEENRDLGIRAVTVAPGWVSTRLAARPADLGVPEEEVLDAEDIADTVAWLLDRPARMSVGPLVRVEPSASRAAAGDAMTRHLTRSRAEGAGPDAEETR,G149R,,-1.505,Q59976_STRSQ_Romero_2015,enrichment
MTATAQAGRHPVALVAGASSGIGAAVARRLAARGSAVALVGRREPELKEVAESIRAAGGTALSLALDLAGPGAPAEAVAATAAGLGPVGLLVCSAGAIRLAAVHETEERHWERQLRVNLTVPFLLAREVLPGMRERGFGWVVNIGSGVGSEVVPGSGGYGVSKHTVHRLTELIHEENRDLGIRAVTVAPGWVSTRLAARPADLGVPEEEVLDAEDIADTVAWLLDRPARMSVGPLVRVEPSASRAAAGDAMTRHLTRSRAEGAGPDAEETR,S150A,,-0.597,Q59976_STRSQ_Romero_2015,enrichment
MTATAQAGRHPVALVAGASSGIGAAVARRLAARGSAVALVGRREPELKEVAESIRAAGGTALSLALDLAGPGAPAEAVAATAAGLGPVGLLVCSAGAIRLAAVHETEERHWERQLRVNLTVPFLLAREVLPGMRERGFGWVVNIGSGVGSEVVPGSGGYGVSKHTVHRLTELIHEENRDLGIRAVTVAPGWVSTRLAARPADLGVPEEEVLDAEDIADTVAWLLDRPARMSVGPLVRVEPSASRAAAGDAMTRHLTRSRAEGAGPDAEETR,V152A,,-0.61,Q59976_STRSQ_Romero_2015,enrichment
MTATAQAGRHPVALVAGASSGIGAAVARRLAARGSAVALVGRREPELKEVAESIRAAGGTALSLALDLAGPGAPAEAVAATAAGLGPVGLLVCSAGAIRLAAVHETEERHWERQLRVNLTVPFLLAREVLPGMRERGFGWVVNIGSGVGSEVVPGSGGYGVSKHTVHRLTELIHEENRDLGIRAVTVAPGWVSTRLAARPADLGVPEEEVLDAEDIADTVAWLLDRPARMSVGPLVRVEPSASRAAAGDAMTRHLTRSRAEGAGPDAEETR,V153E,,-0.455,Q59976_STRSQ_Romero_2015,enrichment
MTATAQAGRHPVALVAGASSGIGAAVARRLAARGSAVALVGRREPELKEVAESIRAAGGTALSLALDLAGPGAPAEAVAATAAGLGPVGLLVCSAGAIRLAAVHETEERHWERQLRVNLTVPFLLAREVLPGMRERGFGWVVNIGSGVGSEVVPGSGGYGVSKHTVHRLTELIHEENRDLGIRAVTVAPGWVSTRLAARPADLGVPEEEVLDAEDIADTVAWLLDRPARMSVGPLVRVEPSASRAAAGDAMTRHLTRSRAEGAGPDAEETR,P154R,,-1.116,Q59976_STRSQ_Romero_2015,enrichment
MTATAQAGRHPVALVAGASSGIGAAVARRLAARGSAVALVGRREPELKEVAESIRAAGGTALSLALDLAGPGAPAEAVAATAAGLGPVGLLVCSAGAIRLAAVHETEERHWERQLRVNLTVPFLLAREVLPGMRERGFGWVVNIGSGVGSEVVPGSGGYGVSKHTVHRLTELIHEENRDLGIRAVTVAPGWVSTRLAARPADLGVPEEEVLDAEDIADTVAWLLDRPARMSVGPLVRVEPSASRAAAGDAMTRHLTRSRAEGAGPDAEETR,S156A,,-0.502,Q59976_STRSQ_Romero_2015,enrichment
MTATAQAGRHPVALVAGASSGIGAAVARRLAARGSAVALVGRREPELKEVAESIRAAGGTALSLALDLAGPGAPAEAVAATAAGLGPVGLLVCSAGAIRLAAVHETEERHWERQLRVNLTVPFLLAREVLPGMRERGFGWVVNIGSGVGSEVVPGSGGYGVSKHTVHRLTELIHEENRDLGIRAVTVAPGWVSTRLAARPADLGVPEEEVLDAEDIADTVAWLLDRPARMSVGPLVRVEPSASRAAAGDAMTRHLTRSRAEGAGPDAEETR,G157E,,-0.485,Q59976_STRSQ_Romero_2015,enrichment
MTATAQAGRHPVALVAGASSGIGAAVARRLAARGSAVALVGRREPELKEVAESIRAAGGTALSLALDLAGPGAPAEAVAATAAGLGPVGLLVCSAGAIRLAAVHETEERHWERQLRVNLTVPFLLAREVLPGMRERGFGWVVNIGSGVGSEVVPGSGGYGVSKHTVHRLTELIHEENRDLGIRAVTVAPGWVSTRLAARPADLGVPEEEVLDAEDIADTVAWLLDRPARMSVGPLVRVEPSASRAAAGDAMTRHLTRSRAEGAGPDAEETR,G160A,,-0.166,Q59976_STRSQ_Romero_2015,enrichment
MTATAQAGRHPVALVAGASSGIGAAVARRLAARGSAVALVGRREPELKEVAESIRAAGGTALSLALDLAGPGAPAEAVAATAAGLGPVGLLVCSAGAIRLAAVHETEERHWERQLRVNLTVPFLLAREVLPGMRERGFGWVVNIGSGVGSEVVPGSGGYGVSKHTVHRLTELIHEENRDLGIRAVTVAPGWVSTRLAARPADLGVPEEEVLDAEDIADTVAWLLDRPARMSVGPLVRVEPSASRAAAGDAMTRHLTRSRAEGAGPDAEETR,V161I,,-0.278,Q59976_STRSQ_Romero_2015,enrichment
MTATAQAGRHPVALVAGASSGIGAAVARRLAARGSAVALVGRREPELKEVAESIRAAGGTALSLALDLAGPGAPAEAVAATAAGLGPVGLLVCSAGAIRLAAVHETEERHWERQLRVNLTVPFLLAREVLPGMRERGFGWVVNIGSGVGSEVVPGSGGYGVSKHTVHRLTELIHEENRDLGIRAVTVAPGWVSTRLAARPADLGVPEEEVLDAEDIADTVAWLLDRPARMSVGPLVRVEPSASRAAAGDAMTRHLTRSRAEGAGPDAEETR,S162A,,-0.333,Q59976_STRSQ_Romero_2015,enrichment
MTATAQAGRHPVALVAGASSGIGAAVARRLAARGSAVALVGRREPELKEVAESIRAAGGTALSLALDLAGPGAPAEAVAATAAGLGPVGLLVCSAGAIRLAAVHETEERHWERQLRVNLTVPFLLAREVLPGMRERGFGWVVNIGSGVGSEVVPGSGGYGVSKHTVHRLTELIHEENRDLGIRAVTVAPGWVSTRLAARPADLGVPEEEVLDAEDIADTVAWLLDRPARMSVGPLVRVEPSASRAAAGDAMTRHLTRSRAEGAGPDAEETR,H164D,,-0.216,Q59976_STRSQ_Romero_2015,enrichment
MTATAQAGRHPVALVAGASSGIGAAVARRLAARGSAVALVGRREPELKEVAESIRAAGGTALSLALDLAGPGAPAEAVAATAAGLGPVGLLVCSAGAIRLAAVHETEERHWERQLRVNLTVPFLLAREVLPGMRERGFGWVVNIGSGVGSEVVPGSGGYGVSKHTVHRLTELIHEENRDLGIRAVTVAPGWVSTRLAARPADLGVPEEEVLDAEDIADTVAWLLDRPARMSVGPLVRVEPSASRAAAGDAMTRHLTRSRAEGAGPDAEETR,T165A,,-0.773,Q59976_STRSQ_Romero_2015,enrichment
MTATAQAGRHPVALVAGASSGIGAAVARRLAARGSAVALVGRREPELKEVAESIRAAGGTALSLALDLAGPGAPAEAVAATAAGLGPVGLLVCSAGAIRLAAVHETEERHWERQLRVNLTVPFLLAREVLPGMRERGFGWVVNIGSGVGSEVVPGSGGYGVSKHTVHRLTELIHEENRDLGIRAVTVAPGWVSTRLAARPADLGVPEEEVLDAEDIADTVAWLLDRPARMSVGPLVRVEPSASRAAAGDAMTRHLTRSRAEGAGPDAEETR,V166L,,-0.7490000000000001,Q59976_STRSQ_Romero_2015,enrichment
MTATAQAGRHPVALVAGASSGIGAAVARRLAARGSAVALVGRREPELKEVAESIRAAGGTALSLALDLAGPGAPAEAVAATAAGLGPVGLLVCSAGAIRLAAVHETEERHWERQLRVNLTVPFLLAREVLPGMRERGFGWVVNIGSGVGSEVVPGSGGYGVSKHTVHRLTELIHEENRDLGIRAVTVAPGWVSTRLAARPADLGVPEEEVLDAEDIADTVAWLLDRPARMSVGPLVRVEPSASRAAAGDAMTRHLTRSRAEGAGPDAEETR,L169R,,-0.488,Q59976_STRSQ_Romero_2015,enrichment
MTATAQAGRHPVALVAGASSGIGAAVARRLAARGSAVALVGRREPELKEVAESIRAAGGTALSLALDLAGPGAPAEAVAATAAGLGPVGLLVCSAGAIRLAAVHETEERHWERQLRVNLTVPFLLAREVLPGMRERGFGWVVNIGSGVGSEVVPGSGGYGVSKHTVHRLTELIHEENRDLGIRAVTVAPGWVSTRLAARPADLGVPEEEVLDAEDIADTVAWLLDRPARMSVGPLVRVEPSASRAAAGDAMTRHLTRSRAEGAGPDAEETR,E171K,,-0.624,Q59976_STRSQ_Romero_2015,enrichment
MTATAQAGRHPVALVAGASSGIGAAVARRLAARGSAVALVGRREPELKEVAESIRAAGGTALSLALDLAGPGAPAEAVAATAAGLGPVGLLVCSAGAIRLAAVHETEERHWERQLRVNLTVPFLLAREVLPGMRERGFGWVVNIGSGVGSEVVPGSGGYGVSKHTVHRLTELIHEENRDLGIRAVTVAPGWVSTRLAARPADLGVPEEEVLDAEDIADTVAWLLDRPARMSVGPLVRVEPSASRAAAGDAMTRHLTRSRAEGAGPDAEETR,N177Y,,-3.047,Q59976_STRSQ_Romero_2015,enrichment
MTATAQAGRHPVALVAGASSGIGAAVARRLAARGSAVALVGRREPELKEVAESIRAAGGTALSLALDLAGPGAPAEAVAATAAGLGPVGLLVCSAGAIRLAAVHETEERHWERQLRVNLTVPFLLAREVLPGMRERGFGWVVNIGSGVGSEVVPGSGGYGVSKHTVHRLTELIHEENRDLGIRAVTVAPGWVSTRLAARPADLGVPEEEVLDAEDIADTVAWLLDRPARMSVGPLVRVEPSASRAAAGDAMTRHLTRSRAEGAGPDAEETR,N177T,,-0.949,Q59976_STRSQ_Romero_2015,enrichment
MTATAQAGRHPVALVAGASSGIGAAVARRLAARGSAVALVGRREPELKEVAESIRAAGGTALSLALDLAGPGAPAEAVAATAAGLGPVGLLVCSAGAIRLAAVHETEERHWERQLRVNLTVPFLLAREVLPGMRERGFGWVVNIGSGVGSEVVPGSGGYGVSKHTVHRLTELIHEENRDLGIRAVTVAPGWVSTRLAARPADLGVPEEEVLDAEDIADTVAWLLDRPARMSVGPLVRVEPSASRAAAGDAMTRHLTRSRAEGAGPDAEETR,N177S,,-2.748,Q59976_STRSQ_Romero_2015,enrichment
MTATAQAGRHPVALVAGASSGIGAAVARRLAARGSAVALVGRREPELKEVAESIRAAGGTALSLALDLAGPGAPAEAVAATAAGLGPVGLLVCSAGAIRLAAVHETEERHWERQLRVNLTVPFLLAREVLPGMRERGFGWVVNIGSGVGSEVVPGSGGYGVSKHTVHRLTELIHEENRDLGIRAVTVAPGWVSTRLAARPADLGVPEEEVLDAEDIADTVAWLLDRPARMSVGPLVRVEPSASRAAAGDAMTRHLTRSRAEGAGPDAEETR,N177N,,0.013,Q59976_STRSQ_Romero_2015,enrichment
MTATAQAGRHPVALVAGASSGIGAAVARRLAARGSAVALVGRREPELKEVAESIRAAGGTALSLALDLAGPGAPAEAVAATAAGLGPVGLLVCSAGAIRLAAVHETEERHWERQLRVNLTVPFLLAREVLPGMRERGFGWVVNIGSGVGSEVVPGSGGYGVSKHTVHRLTELIHEENRDLGIRAVTVAPGWVSTRLAARPADLGVPEEEVLDAEDIADTVAWLLDRPARMSVGPLVRVEPSASRAAAGDAMTRHLTRSRAEGAGPDAEETR,N177K,,-1.656,Q59976_STRSQ_Romero_2015,enrichment
MTATAQAGRHPVALVAGASSGIGAAVARRLAARGSAVALVGRREPELKEVAESIRAAGGTALSLALDLAGPGAPAEAVAATAAGLGPVGLLVCSAGAIRLAAVHETEERHWERQLRVNLTVPFLLAREVLPGMRERGFGWVVNIGSGVGSEVVPGSGGYGVSKHTVHRLTELIHEENRDLGIRAVTVAPGWVSTRLAARPADLGVPEEEVLDAEDIADTVAWLLDRPARMSVGPLVRVEPSASRAAAGDAMTRHLTRSRAEGAGPDAEETR,N177D,,-2.759,Q59976_STRSQ_Romero_2015,enrichment
MTATAQAGRHPVALVAGASSGIGAAVARRLAARGSAVALVGRREPELKEVAESIRAAGGTALSLALDLAGPGAPAEAVAATAAGLGPVGLLVCSAGAIRLAAVHETEERHWERQLRVNLTVPFLLAREVLPGMRERGFGWVVNIGSGVGSEVVPGSGGYGVSKHTVHRLTELIHEENRDLGIRAVTVAPGWVSTRLAARPADLGVPEEEVLDAEDIADTVAWLLDRPARMSVGPLVRVEPSASRAAAGDAMTRHLTRSRAEGAGPDAEETR,N177H,,-1.247,Q59976_STRSQ_Romero_2015,enrichment
MTATAQAGRHPVALVAGASSGIGAAVARRLAARGSAVALVGRREPELKEVAESIRAAGGTALSLALDLAGPGAPAEAVAATAAGLGPVGLLVCSAGAIRLAAVHETEERHWERQLRVNLTVPFLLAREVLPGMRERGFGWVVNIGSGVGSEVVPGSGGYGVSKHTVHRLTELIHEENRDLGIRAVTVAPGWVSTRLAARPADLGVPEEEVLDAEDIADTVAWLLDRPARMSVGPLVRVEPSASRAAAGDAMTRHLTRSRAEGAGPDAEETR,N177I,,-2.918,Q59976_STRSQ_Romero_2015,enrichment
MTATAQAGRHPVALVAGASSGIGAAVARRLAARGSAVALVGRREPELKEVAESIRAAGGTALSLALDLAGPGAPAEAVAATAAGLGPVGLLVCSAGAIRLAAVHETEERHWERQLRVNLTVPFLLAREVLPGMRERGFGWVVNIGSGVGSEVVPGSGGYGVSKHTVHRLTELIHEENRDLGIRAVTVAPGWVSTRLAARPADLGVPEEEVLDAEDIADTVAWLLDRPARMSVGPLVRVEPSASRAAAGDAMTRHLTRSRAEGAGPDAEETR,L180W,,-0.76,Q59976_STRSQ_Romero_2015,enrichment
MTATAQAGRHPVALVAGASSGIGAAVARRLAARGSAVALVGRREPELKEVAESIRAAGGTALSLALDLAGPGAPAEAVAATAAGLGPVGLLVCSAGAIRLAAVHETEERHWERQLRVNLTVPFLLAREVLPGMRERGFGWVVNIGSGVGSEVVPGSGGYGVSKHTVHRLTELIHEENRDLGIRAVTVAPGWVSTRLAARPADLGVPEEEVLDAEDIADTVAWLLDRPARMSVGPLVRVEPSASRAAAGDAMTRHLTRSRAEGAGPDAEETR,G181C,,-1.348,Q59976_STRSQ_Romero_2015,enrichment
MTATAQAGRHPVALVAGASSGIGAAVARRLAARGSAVALVGRREPELKEVAESIRAAGGTALSLALDLAGPGAPAEAVAATAAGLGPVGLLVCSAGAIRLAAVHETEERHWERQLRVNLTVPFLLAREVLPGMRERGFGWVVNIGSGVGSEVVPGSGGYGVSKHTVHRLTELIHEENRDLGIRAVTVAPGWVSTRLAARPADLGVPEEEVLDAEDIADTVAWLLDRPARMSVGPLVRVEPSASRAAAGDAMTRHLTRSRAEGAGPDAEETR,I182S,,-0.118,Q59976_STRSQ_Romero_2015,enrichment
MTATAQAGRHPVALVAGASSGIGAAVARRLAARGSAVALVGRREPELKEVAESIRAAGGTALSLALDLAGPGAPAEAVAATAAGLGPVGLLVCSAGAIRLAAVHETEERHWERQLRVNLTVPFLLAREVLPGMRERGFGWVVNIGSGVGSEVVPGSGGYGVSKHTVHRLTELIHEENRDLGIRAVTVAPGWVSTRLAARPADLGVPEEEVLDAEDIADTVAWLLDRPARMSVGPLVRVEPSASRAAAGDAMTRHLTRSRAEGAGPDAEETR,V185L,,-0.645,Q59976_STRSQ_Romero_2015,enrichment
MTATAQAGRHPVALVAGASSGIGAAVARRLAARGSAVALVGRREPELKEVAESIRAAGGTALSLALDLAGPGAPAEAVAATAAGLGPVGLLVCSAGAIRLAAVHETEERHWERQLRVNLTVPFLLAREVLPGMRERGFGWVVNIGSGVGSEVVPGSGGYGVSKHTVHRLTELIHEENRDLGIRAVTVAPGWVSTRLAARPADLGVPEEEVLDAEDIADTVAWLLDRPARMSVGPLVRVEPSASRAAAGDAMTRHLTRSRAEGAGPDAEETR,A188G,,-0.484,Q59976_STRSQ_Romero_2015,enrichment
MTATAQAGRHPVALVAGASSGIGAAVARRLAARGSAVALVGRREPELKEVAESIRAAGGTALSLALDLAGPGAPAEAVAATAAGLGPVGLLVCSAGAIRLAAVHETEERHWERQLRVNLTVPFLLAREVLPGMRERGFGWVVNIGSGVGSEVVPGSGGYGVSKHTVHRLTELIHEENRDLGIRAVTVAPGWVSTRLAARPADLGVPEEEVLDAEDIADTVAWLLDRPARMSVGPLVRVEPSASRAAAGDAMTRHLTRSRAEGAGPDAEETR,P189S,,-2.843,Q59976_STRSQ_Romero_2015,enrichment
MTATAQAGRHPVALVAGASSGIGAAVARRLAARGSAVALVGRREPELKEVAESIRAAGGTALSLALDLAGPGAPAEAVAATAAGLGPVGLLVCSAGAIRLAAVHETEERHWERQLRVNLTVPFLLAREVLPGMRERGFGWVVNIGSGVGSEVVPGSGGYGVSKHTVHRLTELIHEENRDLGIRAVTVAPGWVSTRLAARPADLGVPEEEVLDAEDIADTVAWLLDRPARMSVGPLVRVEPSASRAAAGDAMTRHLTRSRAEGAGPDAEETR,G190V,,-1.71,Q59976_STRSQ_Romero_2015,enrichment
MTATAQAGRHPVALVAGASSGIGAAVARRLAARGSAVALVGRREPELKEVAESIRAAGGTALSLALDLAGPGAPAEAVAATAAGLGPVGLLVCSAGAIRLAAVHETEERHWERQLRVNLTVPFLLAREVLPGMRERGFGWVVNIGSGVGSEVVPGSGGYGVSKHTVHRLTELIHEENRDLGIRAVTVAPGWVSTRLAARPADLGVPEEEVLDAEDIADTVAWLLDRPARMSVGPLVRVEPSASRAAAGDAMTRHLTRSRAEGAGPDAEETR,G190S,,-2.006,Q59976_STRSQ_Romero_2015,enrichment
MTATAQAGRHPVALVAGASSGIGAAVARRLAARGSAVALVGRREPELKEVAESIRAAGGTALSLALDLAGPGAPAEAVAATAAGLGPVGLLVCSAGAIRLAAVHETEERHWERQLRVNLTVPFLLAREVLPGMRERGFGWVVNIGSGVGSEVVPGSGGYGVSKHTVHRLTELIHEENRDLGIRAVTVAPGWVSTRLAARPADLGVPEEEVLDAEDIADTVAWLLDRPARMSVGPLVRVEPSASRAAAGDAMTRHLTRSRAEGAGPDAEETR,G190R,,-1.969,Q59976_STRSQ_Romero_2015,enrichment
MTATAQAGRHPVALVAGASSGIGAAVARRLAARGSAVALVGRREPELKEVAESIRAAGGTALSLALDLAGPGAPAEAVAATAAGLGPVGLLVCSAGAIRLAAVHETEERHWERQLRVNLTVPFLLAREVLPGMRERGFGWVVNIGSGVGSEVVPGSGGYGVSKHTVHRLTELIHEENRDLGIRAVTVAPGWVSTRLAARPADLGVPEEEVLDAEDIADTVAWLLDRPARMSVGPLVRVEPSASRAAAGDAMTRHLTRSRAEGAGPDAEETR,G190G,,0.004,Q59976_STRSQ_Romero_2015,enrichment
MTATAQAGRHPVALVAGASSGIGAAVARRLAARGSAVALVGRREPELKEVAESIRAAGGTALSLALDLAGPGAPAEAVAATAAGLGPVGLLVCSAGAIRLAAVHETEERHWERQLRVNLTVPFLLAREVLPGMRERGFGWVVNIGSGVGSEVVPGSGGYGVSKHTVHRLTELIHEENRDLGIRAVTVAPGWVSTRLAARPADLGVPEEEVLDAEDIADTVAWLLDRPARMSVGPLVRVEPSASRAAAGDAMTRHLTRSRAEGAGPDAEETR,G190D,,-1.6980000000000002,Q59976_STRSQ_Romero_2015,enrichment
MTATAQAGRHPVALVAGASSGIGAAVARRLAARGSAVALVGRREPELKEVAESIRAAGGTALSLALDLAGPGAPAEAVAATAAGLGPVGLLVCSAGAIRLAAVHETEERHWERQLRVNLTVPFLLAREVLPGMRERGFGWVVNIGSGVGSEVVPGSGGYGVSKHTVHRLTELIHEENRDLGIRAVTVAPGWVSTRLAARPADLGVPEEEVLDAEDIADTVAWLLDRPARMSVGPLVRVEPSASRAAAGDAMTRHLTRSRAEGAGPDAEETR,G190C,,-1.33,Q59976_STRSQ_Romero_2015,enrichment
MTATAQAGRHPVALVAGASSGIGAAVARRLAARGSAVALVGRREPELKEVAESIRAAGGTALSLALDLAGPGAPAEAVAATAAGLGPVGLLVCSAGAIRLAAVHETEERHWERQLRVNLTVPFLLAREVLPGMRERGFGWVVNIGSGVGSEVVPGSGGYGVSKHTVHRLTELIHEENRDLGIRAVTVAPGWVSTRLAARPADLGVPEEEVLDAEDIADTVAWLLDRPARMSVGPLVRVEPSASRAAAGDAMTRHLTRSRAEGAGPDAEETR,G190A,,-0.8740000000000001,Q59976_STRSQ_Romero_2015,enrichment
MTATAQAGRHPVALVAGASSGIGAAVARRLAARGSAVALVGRREPELKEVAESIRAAGGTALSLALDLAGPGAPAEAVAATAAGLGPVGLLVCSAGAIRLAAVHETEERHWERQLRVNLTVPFLLAREVLPGMRERGFGWVVNIGSGVGSEVVPGSGGYGVSKHTVHRLTELIHEENRDLGIRAVTVAPGWVSTRLAARPADLGVPEEEVLDAEDIADTVAWLLDRPARMSVGPLVRVEPSASRAAAGDAMTRHLTRSRAEGAGPDAEETR,S193A,,-1.023,Q59976_STRSQ_Romero_2015,enrichment
MTATAQAGRHPVALVAGASSGIGAAVARRLAARGSAVALVGRREPELKEVAESIRAAGGTALSLALDLAGPGAPAEAVAATAAGLGPVGLLVCSAGAIRLAAVHETEERHWERQLRVNLTVPFLLAREVLPGMRERGFGWVVNIGSGVGSEVVPGSGGYGVSKHTVHRLTELIHEENRDLGIRAVTVAPGWVSTRLAARPADLGVPEEEVLDAEDIADTVAWLLDRPARMSVGPLVRVEPSASRAAAGDAMTRHLTRSRAEGAGPDAEETR,T194P,,-0.674,Q59976_STRSQ_Romero_2015,enrichment
MTATAQAGRHPVALVAGASSGIGAAVARRLAARGSAVALVGRREPELKEVAESIRAAGGTALSLALDLAGPGAPAEAVAATAAGLGPVGLLVCSAGAIRLAAVHETEERHWERQLRVNLTVPFLLAREVLPGMRERGFGWVVNIGSGVGSEVVPGSGGYGVSKHTVHRLTELIHEENRDLGIRAVTVAPGWVSTRLAARPADLGVPEEEVLDAEDIADTVAWLLDRPARMSVGPLVRVEPSASRAAAGDAMTRHLTRSRAEGAGPDAEETR,R195G,,-2.225,Q59976_STRSQ_Romero_2015,enrichment
MTATAQAGRHPVALVAGASSGIGAAVARRLAARGSAVALVGRREPELKEVAESIRAAGGTALSLALDLAGPGAPAEAVAATAAGLGPVGLLVCSAGAIRLAAVHETEERHWERQLRVNLTVPFLLAREVLPGMRERGFGWVVNIGSGVGSEVVPGSGGYGVSKHTVHRLTELIHEENRDLGIRAVTVAPGWVSTRLAARPADLGVPEEEVLDAEDIADTVAWLLDRPARMSVGPLVRVEPSASRAAAGDAMTRHLTRSRAEGAGPDAEETR,L196R,,-0.562,Q59976_STRSQ_Romero_2015,enrichment
MTATAQAGRHPVALVAGASSGIGAAVARRLAARGSAVALVGRREPELKEVAESIRAAGGTALSLALDLAGPGAPAEAVAATAAGLGPVGLLVCSAGAIRLAAVHETEERHWERQLRVNLTVPFLLAREVLPGMRERGFGWVVNIGSGVGSEVVPGSGGYGVSKHTVHRLTELIHEENRDLGIRAVTVAPGWVSTRLAARPADLGVPEEEVLDAEDIADTVAWLLDRPARMSVGPLVRVEPSASRAAAGDAMTRHLTRSRAEGAGPDAEETR,A197T,,-0.274,Q59976_STRSQ_Romero_2015,enrichment
MTATAQAGRHPVALVAGASSGIGAAVARRLAARGSAVALVGRREPELKEVAESIRAAGGTALSLALDLAGPGAPAEAVAATAAGLGPVGLLVCSAGAIRLAAVHETEERHWERQLRVNLTVPFLLAREVLPGMRERGFGWVVNIGSGVGSEVVPGSGGYGVSKHTVHRLTELIHEENRDLGIRAVTVAPGWVSTRLAARPADLGVPEEEVLDAEDIADTVAWLLDRPARMSVGPLVRVEPSASRAAAGDAMTRHLTRSRAEGAGPDAEETR,A198D,,-0.337,Q59976_STRSQ_Romero_2015,enrichment
MTATAQAGRHPVALVAGASSGIGAAVARRLAARGSAVALVGRREPELKEVAESIRAAGGTALSLALDLAGPGAPAEAVAATAAGLGPVGLLVCSAGAIRLAAVHETEERHWERQLRVNLTVPFLLAREVLPGMRERGFGWVVNIGSGVGSEVVPGSGGYGVSKHTVHRLTELIHEENRDLGIRAVTVAPGWVSTRLAARPADLGVPEEEVLDAEDIADTVAWLLDRPARMSVGPLVRVEPSASRAAAGDAMTRHLTRSRAEGAGPDAEETR,R199P,,-0.7809999999999999,Q59976_STRSQ_Romero_2015,enrichment
MTATAQAGRHPVALVAGASSGIGAAVARRLAARGSAVALVGRREPELKEVAESIRAAGGTALSLALDLAGPGAPAEAVAATAAGLGPVGLLVCSAGAIRLAAVHETEERHWERQLRVNLTVPFLLAREVLPGMRERGFGWVVNIGSGVGSEVVPGSGGYGVSKHTVHRLTELIHEENRDLGIRAVTVAPGWVSTRLAARPADLGVPEEEVLDAEDIADTVAWLLDRPARMSVGPLVRVEPSASRAAAGDAMTRHLTRSRAEGAGPDAEETR,A201P,,0.004,Q59976_STRSQ_Romero_2015,enrichment
MTATAQAGRHPVALVAGASSGIGAAVARRLAARGSAVALVGRREPELKEVAESIRAAGGTALSLALDLAGPGAPAEAVAATAAGLGPVGLLVCSAGAIRLAAVHETEERHWERQLRVNLTVPFLLAREVLPGMRERGFGWVVNIGSGVGSEVVPGSGGYGVSKHTVHRLTELIHEENRDLGIRAVTVAPGWVSTRLAARPADLGVPEEEVLDAEDIADTVAWLLDRPARMSVGPLVRVEPSASRAAAGDAMTRHLTRSRAEGAGPDAEETR,A201T,,-0.609,Q59976_STRSQ_Romero_2015,enrichment
MTATAQAGRHPVALVAGASSGIGAAVARRLAARGSAVALVGRREPELKEVAESIRAAGGTALSLALDLAGPGAPAEAVAATAAGLGPVGLLVCSAGAIRLAAVHETEERHWERQLRVNLTVPFLLAREVLPGMRERGFGWVVNIGSGVGSEVVPGSGGYGVSKHTVHRLTELIHEENRDLGIRAVTVAPGWVSTRLAARPADLGVPEEEVLDAEDIADTVAWLLDRPARMSVGPLVRVEPSASRAAAGDAMTRHLTRSRAEGAGPDAEETR,A201V,,-0.5870000000000001,Q59976_STRSQ_Romero_2015,enrichment
MTATAQAGRHPVALVAGASSGIGAAVARRLAARGSAVALVGRREPELKEVAESIRAAGGTALSLALDLAGPGAPAEAVAATAAGLGPVGLLVCSAGAIRLAAVHETEERHWERQLRVNLTVPFLLAREVLPGMRERGFGWVVNIGSGVGSEVVPGSGGYGVSKHTVHRLTELIHEENRDLGIRAVTVAPGWVSTRLAARPADLGVPEEEVLDAEDIADTVAWLLDRPARMSVGPLVRVEPSASRAAAGDAMTRHLTRSRAEGAGPDAEETR,A201S,,-0.669,Q59976_STRSQ_Romero_2015,enrichment
MTATAQAGRHPVALVAGASSGIGAAVARRLAARGSAVALVGRREPELKEVAESIRAAGGTALSLALDLAGPGAPAEAVAATAAGLGPVGLLVCSAGAIRLAAVHETEERHWERQLRVNLTVPFLLAREVLPGMRERGFGWVVNIGSGVGSEVVPGSGGYGVSKHTVHRLTELIHEENRDLGIRAVTVAPGWVSTRLAARPADLGVPEEEVLDAEDIADTVAWLLDRPARMSVGPLVRVEPSASRAAAGDAMTRHLTRSRAEGAGPDAEETR,A201A,,0.002,Q59976_STRSQ_Romero_2015,enrichment
MTATAQAGRHPVALVAGASSGIGAAVARRLAARGSAVALVGRREPELKEVAESIRAAGGTALSLALDLAGPGAPAEAVAATAAGLGPVGLLVCSAGAIRLAAVHETEERHWERQLRVNLTVPFLLAREVLPGMRERGFGWVVNIGSGVGSEVVPGSGGYGVSKHTVHRLTELIHEENRDLGIRAVTVAPGWVSTRLAARPADLGVPEEEVLDAEDIADTVAWLLDRPARMSVGPLVRVEPSASRAAAGDAMTRHLTRSRAEGAGPDAEETR,A201D,,-0.078,Q59976_STRSQ_Romero_2015,enrichment
MTATAQAGRHPVALVAGASSGIGAAVARRLAARGSAVALVGRREPELKEVAESIRAAGGTALSLALDLAGPGAPAEAVAATAAGLGPVGLLVCSAGAIRLAAVHETEERHWERQLRVNLTVPFLLAREVLPGMRERGFGWVVNIGSGVGSEVVPGSGGYGVSKHTVHRLTELIHEENRDLGIRAVTVAPGWVSTRLAARPADLGVPEEEVLDAEDIADTVAWLLDRPARMSVGPLVRVEPSASRAAAGDAMTRHLTRSRAEGAGPDAEETR,A201G,,-0.123,Q59976_STRSQ_Romero_2015,enrichment
MTATAQAGRHPVALVAGASSGIGAAVARRLAARGSAVALVGRREPELKEVAESIRAAGGTALSLALDLAGPGAPAEAVAATAAGLGPVGLLVCSAGAIRLAAVHETEERHWERQLRVNLTVPFLLAREVLPGMRERGFGWVVNIGSGVGSEVVPGSGGYGVSKHTVHRLTELIHEENRDLGIRAVTVAPGWVSTRLAARPADLGVPEEEVLDAEDIADTVAWLLDRPARMSVGPLVRVEPSASRAAAGDAMTRHLTRSRAEGAGPDAEETR,L203P,,-2.875,Q59976_STRSQ_Romero_2015,enrichment
MTATAQAGRHPVALVAGASSGIGAAVARRLAARGSAVALVGRREPELKEVAESIRAAGGTALSLALDLAGPGAPAEAVAATAAGLGPVGLLVCSAGAIRLAAVHETEERHWERQLRVNLTVPFLLAREVLPGMRERGFGWVVNIGSGVGSEVVPGSGGYGVSKHTVHRLTELIHEENRDLGIRAVTVAPGWVSTRLAARPADLGVPEEEVLDAEDIADTVAWLLDRPARMSVGPLVRVEPSASRAAAGDAMTRHLTRSRAEGAGPDAEETR,L203Q,,-3.372,Q59976_STRSQ_Romero_2015,enrichment
MTATAQAGRHPVALVAGASSGIGAAVARRLAARGSAVALVGRREPELKEVAESIRAAGGTALSLALDLAGPGAPAEAVAATAAGLGPVGLLVCSAGAIRLAAVHETEERHWERQLRVNLTVPFLLAREVLPGMRERGFGWVVNIGSGVGSEVVPGSGGYGVSKHTVHRLTELIHEENRDLGIRAVTVAPGWVSTRLAARPADLGVPEEEVLDAEDIADTVAWLLDRPARMSVGPLVRVEPSASRAAAGDAMTRHLTRSRAEGAGPDAEETR,L203R,,-1.758,Q59976_STRSQ_Romero_2015,enrichment
MTATAQAGRHPVALVAGASSGIGAAVARRLAARGSAVALVGRREPELKEVAESIRAAGGTALSLALDLAGPGAPAEAVAATAAGLGPVGLLVCSAGAIRLAAVHETEERHWERQLRVNLTVPFLLAREVLPGMRERGFGWVVNIGSGVGSEVVPGSGGYGVSKHTVHRLTELIHEENRDLGIRAVTVAPGWVSTRLAARPADLGVPEEEVLDAEDIADTVAWLLDRPARMSVGPLVRVEPSASRAAAGDAMTRHLTRSRAEGAGPDAEETR,L203V,,-0.286,Q59976_STRSQ_Romero_2015,enrichment
MTATAQAGRHPVALVAGASSGIGAAVARRLAARGSAVALVGRREPELKEVAESIRAAGGTALSLALDLAGPGAPAEAVAATAAGLGPVGLLVCSAGAIRLAAVHETEERHWERQLRVNLTVPFLLAREVLPGMRERGFGWVVNIGSGVGSEVVPGSGGYGVSKHTVHRLTELIHEENRDLGIRAVTVAPGWVSTRLAARPADLGVPEEEVLDAEDIADTVAWLLDRPARMSVGPLVRVEPSASRAAAGDAMTRHLTRSRAEGAGPDAEETR,L203M,,-0.63,Q59976_STRSQ_Romero_2015,enrichment
MTATAQAGRHPVALVAGASSGIGAAVARRLAARGSAVALVGRREPELKEVAESIRAAGGTALSLALDLAGPGAPAEAVAATAAGLGPVGLLVCSAGAIRLAAVHETEERHWERQLRVNLTVPFLLAREVLPGMRERGFGWVVNIGSGVGSEVVPGSGGYGVSKHTVHRLTELIHEENRDLGIRAVTVAPGWVSTRLAARPADLGVPEEEVLDAEDIADTVAWLLDRPARMSVGPLVRVEPSASRAAAGDAMTRHLTRSRAEGAGPDAEETR,L203L,,0.0069999999999999,Q59976_STRSQ_Romero_2015,enrichment
MTATAQAGRHPVALVAGASSGIGAAVARRLAARGSAVALVGRREPELKEVAESIRAAGGTALSLALDLAGPGAPAEAVAATAAGLGPVGLLVCSAGAIRLAAVHETEERHWERQLRVNLTVPFLLAREVLPGMRERGFGWVVNIGSGVGSEVVPGSGGYGVSKHTVHRLTELIHEENRDLGIRAVTVAPGWVSTRLAARPADLGVPEEEVLDAEDIADTVAWLLDRPARMSVGPLVRVEPSASRAAAGDAMTRHLTRSRAEGAGPDAEETR,G204R,,-0.42,Q59976_STRSQ_Romero_2015,enrichment
MTATAQAGRHPVALVAGASSGIGAAVARRLAARGSAVALVGRREPELKEVAESIRAAGGTALSLALDLAGPGAPAEAVAATAAGLGPVGLLVCSAGAIRLAAVHETEERHWERQLRVNLTVPFLLAREVLPGMRERGFGWVVNIGSGVGSEVVPGSGGYGVSKHTVHRLTELIHEENRDLGIRAVTVAPGWVSTRLAARPADLGVPEEEVLDAEDIADTVAWLLDRPARMSVGPLVRVEPSASRAAAGDAMTRHLTRSRAEGAGPDAEETR,V205A,,-1.115,Q59976_STRSQ_Romero_2015,enrichment
MTATAQAGRHPVALVAGASSGIGAAVARRLAARGSAVALVGRREPELKEVAESIRAAGGTALSLALDLAGPGAPAEAVAATAAGLGPVGLLVCSAGAIRLAAVHETEERHWERQLRVNLTVPFLLAREVLPGMRERGFGWVVNIGSGVGSEVVPGSGGYGVSKHTVHRLTELIHEENRDLGIRAVTVAPGWVSTRLAARPADLGVPEEEVLDAEDIADTVAWLLDRPARMSVGPLVRVEPSASRAAAGDAMTRHLTRSRAEGAGPDAEETR,P206A,,-1.742,Q59976_STRSQ_Romero_2015,enrichment
MTATAQAGRHPVALVAGASSGIGAAVARRLAARGSAVALVGRREPELKEVAESIRAAGGTALSLALDLAGPGAPAEAVAATAAGLGPVGLLVCSAGAIRLAAVHETEERHWERQLRVNLTVPFLLAREVLPGMRERGFGWVVNIGSGVGSEVVPGSGGYGVSKHTVHRLTELIHEENRDLGIRAVTVAPGWVSTRLAARPADLGVPEEEVLDAEDIADTVAWLLDRPARMSVGPLVRVEPSASRAAAGDAMTRHLTRSRAEGAGPDAEETR,L211M,,-0.041,Q59976_STRSQ_Romero_2015,enrichment
MTATAQAGRHPVALVAGASSGIGAAVARRLAARGSAVALVGRREPELKEVAESIRAAGGTALSLALDLAGPGAPAEAVAATAAGLGPVGLLVCSAGAIRLAAVHETEERHWERQLRVNLTVPFLLAREVLPGMRERGFGWVVNIGSGVGSEVVPGSGGYGVSKHTVHRLTELIHEENRDLGIRAVTVAPGWVSTRLAARPADLGVPEEEVLDAEDIADTVAWLLDRPARMSVGPLVRVEPSASRAAAGDAMTRHLTRSRAEGAGPDAEETR,L211V,,-0.313,Q59976_STRSQ_Romero_2015,enrichment
MTATAQAGRHPVALVAGASSGIGAAVARRLAARGSAVALVGRREPELKEVAESIRAAGGTALSLALDLAGPGAPAEAVAATAAGLGPVGLLVCSAGAIRLAAVHETEERHWERQLRVNLTVPFLLAREVLPGMRERGFGWVVNIGSGVGSEVVPGSGGYGVSKHTVHRLTELIHEENRDLGIRAVTVAPGWVSTRLAARPADLGVPEEEVLDAEDIADTVAWLLDRPARMSVGPLVRVEPSASRAAAGDAMTRHLTRSRAEGAGPDAEETR,L211R,,-0.47,Q59976_STRSQ_Romero_2015,enrichment
MTATAQAGRHPVALVAGASSGIGAAVARRLAARGSAVALVGRREPELKEVAESIRAAGGTALSLALDLAGPGAPAEAVAATAAGLGPVGLLVCSAGAIRLAAVHETEERHWERQLRVNLTVPFLLAREVLPGMRERGFGWVVNIGSGVGSEVVPGSGGYGVSKHTVHRLTELIHEENRDLGIRAVTVAPGWVSTRLAARPADLGVPEEEVLDAEDIADTVAWLLDRPARMSVGPLVRVEPSASRAAAGDAMTRHLTRSRAEGAGPDAEETR,L211Q,,-2.251,Q59976_STRSQ_Romero_2015,enrichment
MTATAQAGRHPVALVAGASSGIGAAVARRLAARGSAVALVGRREPELKEVAESIRAAGGTALSLALDLAGPGAPAEAVAATAAGLGPVGLLVCSAGAIRLAAVHETEERHWERQLRVNLTVPFLLAREVLPGMRERGFGWVVNIGSGVGSEVVPGSGGYGVSKHTVHRLTELIHEENRDLGIRAVTVAPGWVSTRLAARPADLGVPEEEVLDAEDIADTVAWLLDRPARMSVGPLVRVEPSASRAAAGDAMTRHLTRSRAEGAGPDAEETR,L211P,,-2.986,Q59976_STRSQ_Romero_2015,enrichment
MTATAQAGRHPVALVAGASSGIGAAVARRLAARGSAVALVGRREPELKEVAESIRAAGGTALSLALDLAGPGAPAEAVAATAAGLGPVGLLVCSAGAIRLAAVHETEERHWERQLRVNLTVPFLLAREVLPGMRERGFGWVVNIGSGVGSEVVPGSGGYGVSKHTVHRLTELIHEENRDLGIRAVTVAPGWVSTRLAARPADLGVPEEEVLDAEDIADTVAWLLDRPARMSVGPLVRVEPSASRAAAGDAMTRHLTRSRAEGAGPDAEETR,L211L,,0.006,Q59976_STRSQ_Romero_2015,enrichment
MTATAQAGRHPVALVAGASSGIGAAVARRLAARGSAVALVGRREPELKEVAESIRAAGGTALSLALDLAGPGAPAEAVAATAAGLGPVGLLVCSAGAIRLAAVHETEERHWERQLRVNLTVPFLLAREVLPGMRERGFGWVVNIGSGVGSEVVPGSGGYGVSKHTVHRLTELIHEENRDLGIRAVTVAPGWVSTRLAARPADLGVPEEEVLDAEDIADTVAWLLDRPARMSVGPLVRVEPSASRAAAGDAMTRHLTRSRAEGAGPDAEETR,D212G,,-2.227,Q59976_STRSQ_Romero_2015,enrichment
MTATAQAGRHPVALVAGASSGIGAAVARRLAARGSAVALVGRREPELKEVAESIRAAGGTALSLALDLAGPGAPAEAVAATAAGLGPVGLLVCSAGAIRLAAVHETEERHWERQLRVNLTVPFLLAREVLPGMRERGFGWVVNIGSGVGSEVVPGSGGYGVSKHTVHRLTELIHEENRDLGIRAVTVAPGWVSTRLAARPADLGVPEEEVLDAEDIADTVAWLLDRPARMSVGPLVRVEPSASRAAAGDAMTRHLTRSRAEGAGPDAEETR,A217V,,-0.426,Q59976_STRSQ_Romero_2015,enrichment
MTATAQAGRHPVALVAGASSGIGAAVARRLAARGSAVALVGRREPELKEVAESIRAAGGTALSLALDLAGPGAPAEAVAATAAGLGPVGLLVCSAGAIRLAAVHETEERHWERQLRVNLTVPFLLAREVLPGMRERGFGWVVNIGSGVGSEVVPGSGGYGVSKHTVHRLTELIHEENRDLGIRAVTVAPGWVSTRLAARPADLGVPEEEVLDAEDIADTVAWLLDRPARMSVGPLVRVEPSASRAAAGDAMTRHLTRSRAEGAGPDAEETR,T219A,,-0.014,Q59976_STRSQ_Romero_2015,enrichment
MTATAQAGRHPVALVAGASSGIGAAVARRLAARGSAVALVGRREPELKEVAESIRAAGGTALSLALDLAGPGAPAEAVAATAAGLGPVGLLVCSAGAIRLAAVHETEERHWERQLRVNLTVPFLLAREVLPGMRERGFGWVVNIGSGVGSEVVPGSGGYGVSKHTVHRLTELIHEENRDLGIRAVTVAPGWVSTRLAARPADLGVPEEEVLDAEDIADTVAWLLDRPARMSVGPLVRVEPSASRAAAGDAMTRHLTRSRAEGAGPDAEETR,V220L,,0.322,Q59976_STRSQ_Romero_2015,enrichment
MTATAQAGRHPVALVAGASSGIGAAVARRLAARGSAVALVGRREPELKEVAESIRAAGGTALSLALDLAGPGAPAEAVAATAAGLGPVGLLVCSAGAIRLAAVHETEERHWERQLRVNLTVPFLLAREVLPGMRERGFGWVVNIGSGVGSEVVPGSGGYGVSKHTVHRLTELIHEENRDLGIRAVTVAPGWVSTRLAARPADLGVPEEEVLDAEDIADTVAWLLDRPARMSVGPLVRVEPSASRAAAGDAMTRHLTRSRAEGAGPDAEETR,L223R,,-0.019,Q59976_STRSQ_Romero_2015,enrichment
MTATAQAGRHPVALVAGASSGIGAAVARRLAARGSAVALVGRREPELKEVAESIRAAGGTALSLALDLAGPGAPAEAVAATAAGLGPVGLLVCSAGAIRLAAVHETEERHWERQLRVNLTVPFLLAREVLPGMRERGFGWVVNIGSGVGSEVVPGSGGYGVSKHTVHRLTELIHEENRDLGIRAVTVAPGWVSTRLAARPADLGVPEEEVLDAEDIADTVAWLLDRPARMSVGPLVRVEPSASRAAAGDAMTRHLTRSRAEGAGPDAEETR,L224V,,-0.449,Q59976_STRSQ_Romero_2015,enrichment
MTATAQAGRHPVALVAGASSGIGAAVARRLAARGSAVALVGRREPELKEVAESIRAAGGTALSLALDLAGPGAPAEAVAATAAGLGPVGLLVCSAGAIRLAAVHETEERHWERQLRVNLTVPFLLAREVLPGMRERGFGWVVNIGSGVGSEVVPGSGGYGVSKHTVHRLTELIHEENRDLGIRAVTVAPGWVSTRLAARPADLGVPEEEVLDAEDIADTVAWLLDRPARMSVGPLVRVEPSASRAAAGDAMTRHLTRSRAEGAGPDAEETR,L224R,,-0.68,Q59976_STRSQ_Romero_2015,enrichment
MTATAQAGRHPVALVAGASSGIGAAVARRLAARGSAVALVGRREPELKEVAESIRAAGGTALSLALDLAGPGAPAEAVAATAAGLGPVGLLVCSAGAIRLAAVHETEERHWERQLRVNLTVPFLLAREVLPGMRERGFGWVVNIGSGVGSEVVPGSGGYGVSKHTVHRLTELIHEENRDLGIRAVTVAPGWVSTRLAARPADLGVPEEEVLDAEDIADTVAWLLDRPARMSVGPLVRVEPSASRAAAGDAMTRHLTRSRAEGAGPDAEETR,L224Q,,-1.069,Q59976_STRSQ_Romero_2015,enrichment
MTATAQAGRHPVALVAGASSGIGAAVARRLAARGSAVALVGRREPELKEVAESIRAAGGTALSLALDLAGPGAPAEAVAATAAGLGPVGLLVCSAGAIRLAAVHETEERHWERQLRVNLTVPFLLAREVLPGMRERGFGWVVNIGSGVGSEVVPGSGGYGVSKHTVHRLTELIHEENRDLGIRAVTVAPGWVSTRLAARPADLGVPEEEVLDAEDIADTVAWLLDRPARMSVGPLVRVEPSASRAAAGDAMTRHLTRSRAEGAGPDAEETR,L224M,,-0.478,Q59976_STRSQ_Romero_2015,enrichment
MTATAQAGRHPVALVAGASSGIGAAVARRLAARGSAVALVGRREPELKEVAESIRAAGGTALSLALDLAGPGAPAEAVAATAAGLGPVGLLVCSAGAIRLAAVHETEERHWERQLRVNLTVPFLLAREVLPGMRERGFGWVVNIGSGVGSEVVPGSGGYGVSKHTVHRLTELIHEENRDLGIRAVTVAPGWVSTRLAARPADLGVPEEEVLDAEDIADTVAWLLDRPARMSVGPLVRVEPSASRAAAGDAMTRHLTRSRAEGAGPDAEETR,L224P,,-1.916,Q59976_STRSQ_Romero_2015,enrichment
MTATAQAGRHPVALVAGASSGIGAAVARRLAARGSAVALVGRREPELKEVAESIRAAGGTALSLALDLAGPGAPAEAVAATAAGLGPVGLLVCSAGAIRLAAVHETEERHWERQLRVNLTVPFLLAREVLPGMRERGFGWVVNIGSGVGSEVVPGSGGYGVSKHTVHRLTELIHEENRDLGIRAVTVAPGWVSTRLAARPADLGVPEEEVLDAEDIADTVAWLLDRPARMSVGPLVRVEPSASRAAAGDAMTRHLTRSRAEGAGPDAEETR,L224L,,0.006,Q59976_STRSQ_Romero_2015,enrichment
MTATAQAGRHPVALVAGASSGIGAAVARRLAARGSAVALVGRREPELKEVAESIRAAGGTALSLALDLAGPGAPAEAVAATAAGLGPVGLLVCSAGAIRLAAVHETEERHWERQLRVNLTVPFLLAREVLPGMRERGFGWVVNIGSGVGSEVVPGSGGYGVSKHTVHRLTELIHEENRDLGIRAVTVAPGWVSTRLAARPADLGVPEEEVLDAEDIADTVAWLLDRPARMSVGPLVRVEPSASRAAAGDAMTRHLTRSRAEGAGPDAEETR,A228V,,-0.421,Q59976_STRSQ_Romero_2015,enrichment
MTATAQAGRHPVALVAGASSGIGAAVARRLAARGSAVALVGRREPELKEVAESIRAAGGTALSLALDLAGPGAPAEAVAATAAGLGPVGLLVCSAGAIRLAAVHETEERHWERQLRVNLTVPFLLAREVLPGMRERGFGWVVNIGSGVGSEVVPGSGGYGVSKHTVHRLTELIHEENRDLGIRAVTVAPGWVSTRLAARPADLGVPEEEVLDAEDIADTVAWLLDRPARMSVGPLVRVEPSASRAAAGDAMTRHLTRSRAEGAGPDAEETR,A228T,,-0.313,Q59976_STRSQ_Romero_2015,enrichment
MTATAQAGRHPVALVAGASSGIGAAVARRLAARGSAVALVGRREPELKEVAESIRAAGGTALSLALDLAGPGAPAEAVAATAAGLGPVGLLVCSAGAIRLAAVHETEERHWERQLRVNLTVPFLLAREVLPGMRERGFGWVVNIGSGVGSEVVPGSGGYGVSKHTVHRLTELIHEENRDLGIRAVTVAPGWVSTRLAARPADLGVPEEEVLDAEDIADTVAWLLDRPARMSVGPLVRVEPSASRAAAGDAMTRHLTRSRAEGAGPDAEETR,A228S,,-0.264,Q59976_STRSQ_Romero_2015,enrichment
MTATAQAGRHPVALVAGASSGIGAAVARRLAARGSAVALVGRREPELKEVAESIRAAGGTALSLALDLAGPGAPAEAVAATAAGLGPVGLLVCSAGAIRLAAVHETEERHWERQLRVNLTVPFLLAREVLPGMRERGFGWVVNIGSGVGSEVVPGSGGYGVSKHTVHRLTELIHEENRDLGIRAVTVAPGWVSTRLAARPADLGVPEEEVLDAEDIADTVAWLLDRPARMSVGPLVRVEPSASRAAAGDAMTRHLTRSRAEGAGPDAEETR,A228P,,-0.675,Q59976_STRSQ_Romero_2015,enrichment
MTATAQAGRHPVALVAGASSGIGAAVARRLAARGSAVALVGRREPELKEVAESIRAAGGTALSLALDLAGPGAPAEAVAATAAGLGPVGLLVCSAGAIRLAAVHETEERHWERQLRVNLTVPFLLAREVLPGMRERGFGWVVNIGSGVGSEVVPGSGGYGVSKHTVHRLTELIHEENRDLGIRAVTVAPGWVSTRLAARPADLGVPEEEVLDAEDIADTVAWLLDRPARMSVGPLVRVEPSASRAAAGDAMTRHLTRSRAEGAGPDAEETR,A228E,,-0.831,Q59976_STRSQ_Romero_2015,enrichment
MTATAQAGRHPVALVAGASSGIGAAVARRLAARGSAVALVGRREPELKEVAESIRAAGGTALSLALDLAGPGAPAEAVAATAAGLGPVGLLVCSAGAIRLAAVHETEERHWERQLRVNLTVPFLLAREVLPGMRERGFGWVVNIGSGVGSEVVPGSGGYGVSKHTVHRLTELIHEENRDLGIRAVTVAPGWVSTRLAARPADLGVPEEEVLDAEDIADTVAWLLDRPARMSVGPLVRVEPSASRAAAGDAMTRHLTRSRAEGAGPDAEETR,A228A,,0.001,Q59976_STRSQ_Romero_2015,enrichment
MTATAQAGRHPVALVAGASSGIGAAVARRLAARGSAVALVGRREPELKEVAESIRAAGGTALSLALDLAGPGAPAEAVAATAAGLGPVGLLVCSAGAIRLAAVHETEERHWERQLRVNLTVPFLLAREVLPGMRERGFGWVVNIGSGVGSEVVPGSGGYGVSKHTVHRLTELIHEENRDLGIRAVTVAPGWVSTRLAARPADLGVPEEEVLDAEDIADTVAWLLDRPARMSVGPLVRVEPSASRAAAGDAMTRHLTRSRAEGAGPDAEETR,A228G,,-0.328,Q59976_STRSQ_Romero_2015,enrichment
MTATAQAGRHPVALVAGASSGIGAAVARRLAARGSAVALVGRREPELKEVAESIRAAGGTALSLALDLAGPGAPAEAVAATAAGLGPVGLLVCSAGAIRLAAVHETEERHWERQLRVNLTVPFLLAREVLPGMRERGFGWVVNIGSGVGSEVVPGSGGYGVSKHTVHRLTELIHEENRDLGIRAVTVAPGWVSTRLAARPADLGVPEEEVLDAEDIADTVAWLLDRPARMSVGPLVRVEPSASRAAAGDAMTRHLTRSRAEGAGPDAEETR,R229Q,,-0.313,Q59976_STRSQ_Romero_2015,enrichment
MTATAQAGRHPVALVAGASSGIGAAVARRLAARGSAVALVGRREPELKEVAESIRAAGGTALSLALDLAGPGAPAEAVAATAAGLGPVGLLVCSAGAIRLAAVHETEERHWERQLRVNLTVPFLLAREVLPGMRERGFGWVVNIGSGVGSEVVPGSGGYGVSKHTVHRLTELIHEENRDLGIRAVTVAPGWVSTRLAARPADLGVPEEEVLDAEDIADTVAWLLDRPARMSVGPLVRVEPSASRAAAGDAMTRHLTRSRAEGAGPDAEETR,S231R,,-1.501,Q59976_STRSQ_Romero_2015,enrichment
MTATAQAGRHPVALVAGASSGIGAAVARRLAARGSAVALVGRREPELKEVAESIRAAGGTALSLALDLAGPGAPAEAVAATAAGLGPVGLLVCSAGAIRLAAVHETEERHWERQLRVNLTVPFLLAREVLPGMRERGFGWVVNIGSGVGSEVVPGSGGYGVSKHTVHRLTELIHEENRDLGIRAVTVAPGWVSTRLAARPADLGVPEEEVLDAEDIADTVAWLLDRPARMSVGPLVRVEPSASRAAAGDAMTRHLTRSRAEGAGPDAEETR,S231N,,-1.173,Q59976_STRSQ_Romero_2015,enrichment
MTATAQAGRHPVALVAGASSGIGAAVARRLAARGSAVALVGRREPELKEVAESIRAAGGTALSLALDLAGPGAPAEAVAATAAGLGPVGLLVCSAGAIRLAAVHETEERHWERQLRVNLTVPFLLAREVLPGMRERGFGWVVNIGSGVGSEVVPGSGGYGVSKHTVHRLTELIHEENRDLGIRAVTVAPGWVSTRLAARPADLGVPEEEVLDAEDIADTVAWLLDRPARMSVGPLVRVEPSASRAAAGDAMTRHLTRSRAEGAGPDAEETR,S231T,,-0.936,Q59976_STRSQ_Romero_2015,enrichment
MTATAQAGRHPVALVAGASSGIGAAVARRLAARGSAVALVGRREPELKEVAESIRAAGGTALSLALDLAGPGAPAEAVAATAAGLGPVGLLVCSAGAIRLAAVHETEERHWERQLRVNLTVPFLLAREVLPGMRERGFGWVVNIGSGVGSEVVPGSGGYGVSKHTVHRLTELIHEENRDLGIRAVTVAPGWVSTRLAARPADLGVPEEEVLDAEDIADTVAWLLDRPARMSVGPLVRVEPSASRAAAGDAMTRHLTRSRAEGAGPDAEETR,S231S,,0.004,Q59976_STRSQ_Romero_2015,enrichment
MTATAQAGRHPVALVAGASSGIGAAVARRLAARGSAVALVGRREPELKEVAESIRAAGGTALSLALDLAGPGAPAEAVAATAAGLGPVGLLVCSAGAIRLAAVHETEERHWERQLRVNLTVPFLLAREVLPGMRERGFGWVVNIGSGVGSEVVPGSGGYGVSKHTVHRLTELIHEENRDLGIRAVTVAPGWVSTRLAARPADLGVPEEEVLDAEDIADTVAWLLDRPARMSVGPLVRVEPSASRAAAGDAMTRHLTRSRAEGAGPDAEETR,S231C,,-2.062,Q59976_STRSQ_Romero_2015,enrichment
MTATAQAGRHPVALVAGASSGIGAAVARRLAARGSAVALVGRREPELKEVAESIRAAGGTALSLALDLAGPGAPAEAVAATAAGLGPVGLLVCSAGAIRLAAVHETEERHWERQLRVNLTVPFLLAREVLPGMRERGFGWVVNIGSGVGSEVVPGSGGYGVSKHTVHRLTELIHEENRDLGIRAVTVAPGWVSTRLAARPADLGVPEEEVLDAEDIADTVAWLLDRPARMSVGPLVRVEPSASRAAAGDAMTRHLTRSRAEGAGPDAEETR,S231G,,-0.294,Q59976_STRSQ_Romero_2015,enrichment
MTATAQAGRHPVALVAGASSGIGAAVARRLAARGSAVALVGRREPELKEVAESIRAAGGTALSLALDLAGPGAPAEAVAATAAGLGPVGLLVCSAGAIRLAAVHETEERHWERQLRVNLTVPFLLAREVLPGMRERGFGWVVNIGSGVGSEVVPGSGGYGVSKHTVHRLTELIHEENRDLGIRAVTVAPGWVSTRLAARPADLGVPEEEVLDAEDIADTVAWLLDRPARMSVGPLVRVEPSASRAAAGDAMTRHLTRSRAEGAGPDAEETR,S231I,,-1.7180000000000002,Q59976_STRSQ_Romero_2015,enrichment
MTATAQAGRHPVALVAGASSGIGAAVARRLAARGSAVALVGRREPELKEVAESIRAAGGTALSLALDLAGPGAPAEAVAATAAGLGPVGLLVCSAGAIRLAAVHETEERHWERQLRVNLTVPFLLAREVLPGMRERGFGWVVNIGSGVGSEVVPGSGGYGVSKHTVHRLTELIHEENRDLGIRAVTVAPGWVSTRLAARPADLGVPEEEVLDAEDIADTVAWLLDRPARMSVGPLVRVEPSASRAAAGDAMTRHLTRSRAEGAGPDAEETR,V232V,,0.0069999999999999,Q59976_STRSQ_Romero_2015,enrichment
MTATAQAGRHPVALVAGASSGIGAAVARRLAARGSAVALVGRREPELKEVAESIRAAGGTALSLALDLAGPGAPAEAVAATAAGLGPVGLLVCSAGAIRLAAVHETEERHWERQLRVNLTVPFLLAREVLPGMRERGFGWVVNIGSGVGSEVVPGSGGYGVSKHTVHRLTELIHEENRDLGIRAVTVAPGWVSTRLAARPADLGVPEEEVLDAEDIADTVAWLLDRPARMSVGPLVRVEPSASRAAAGDAMTRHLTRSRAEGAGPDAEETR,V232L,,-0.853,Q59976_STRSQ_Romero_2015,enrichment
MTATAQAGRHPVALVAGASSGIGAAVARRLAARGSAVALVGRREPELKEVAESIRAAGGTALSLALDLAGPGAPAEAVAATAAGLGPVGLLVCSAGAIRLAAVHETEERHWERQLRVNLTVPFLLAREVLPGMRERGFGWVVNIGSGVGSEVVPGSGGYGVSKHTVHRLTELIHEENRDLGIRAVTVAPGWVSTRLAARPADLGVPEEEVLDAEDIADTVAWLLDRPARMSVGPLVRVEPSASRAAAGDAMTRHLTRSRAEGAGPDAEETR,V232D,,-3.14,Q59976_STRSQ_Romero_2015,enrichment
MTATAQAGRHPVALVAGASSGIGAAVARRLAARGSAVALVGRREPELKEVAESIRAAGGTALSLALDLAGPGAPAEAVAATAAGLGPVGLLVCSAGAIRLAAVHETEERHWERQLRVNLTVPFLLAREVLPGMRERGFGWVVNIGSGVGSEVVPGSGGYGVSKHTVHRLTELIHEENRDLGIRAVTVAPGWVSTRLAARPADLGVPEEEVLDAEDIADTVAWLLDRPARMSVGPLVRVEPSASRAAAGDAMTRHLTRSRAEGAGPDAEETR,V232A,,-1.029,Q59976_STRSQ_Romero_2015,enrichment
MTATAQAGRHPVALVAGASSGIGAAVARRLAARGSAVALVGRREPELKEVAESIRAAGGTALSLALDLAGPGAPAEAVAATAAGLGPVGLLVCSAGAIRLAAVHETEERHWERQLRVNLTVPFLLAREVLPGMRERGFGWVVNIGSGVGSEVVPGSGGYGVSKHTVHRLTELIHEENRDLGIRAVTVAPGWVSTRLAARPADLGVPEEEVLDAEDIADTVAWLLDRPARMSVGPLVRVEPSASRAAAGDAMTRHLTRSRAEGAGPDAEETR,V232G,,-1.961,Q59976_STRSQ_Romero_2015,enrichment
MTATAQAGRHPVALVAGASSGIGAAVARRLAARGSAVALVGRREPELKEVAESIRAAGGTALSLALDLAGPGAPAEAVAATAAGLGPVGLLVCSAGAIRLAAVHETEERHWERQLRVNLTVPFLLAREVLPGMRERGFGWVVNIGSGVGSEVVPGSGGYGVSKHTVHRLTELIHEENRDLGIRAVTVAPGWVSTRLAARPADLGVPEEEVLDAEDIADTVAWLLDRPARMSVGPLVRVEPSASRAAAGDAMTRHLTRSRAEGAGPDAEETR,V232I,,-0.5,Q59976_STRSQ_Romero_2015,enrichment
MTATAQAGRHPVALVAGASSGIGAAVARRLAARGSAVALVGRREPELKEVAESIRAAGGTALSLALDLAGPGAPAEAVAATAAGLGPVGLLVCSAGAIRLAAVHETEERHWERQLRVNLTVPFLLAREVLPGMRERGFGWVVNIGSGVGSEVVPGSGGYGVSKHTVHRLTELIHEENRDLGIRAVTVAPGWVSTRLAARPADLGVPEEEVLDAEDIADTVAWLLDRPARMSVGPLVRVEPSASRAAAGDAMTRHLTRSRAEGAGPDAEETR,V232F,,-1.83,Q59976_STRSQ_Romero_2015,enrichment
MTATAQAGRHPVALVAGASSGIGAAVARRLAARGSAVALVGRREPELKEVAESIRAAGGTALSLALDLAGPGAPAEAVAATAAGLGPVGLLVCSAGAIRLAAVHETEERHWERQLRVNLTVPFLLAREVLPGMRERGFGWVVNIGSGVGSEVVPGSGGYGVSKHTVHRLTELIHEENRDLGIRAVTVAPGWVSTRLAARPADLGVPEEEVLDAEDIADTVAWLLDRPARMSVGPLVRVEPSASRAAAGDAMTRHLTRSRAEGAGPDAEETR,P234L,,-2.583,Q59976_STRSQ_Romero_2015,enrichment
MTATAQAGRHPVALVAGASSGIGAAVARRLAARGSAVALVGRREPELKEVAESIRAAGGTALSLALDLAGPGAPAEAVAATAAGLGPVGLLVCSAGAIRLAAVHETEERHWERQLRVNLTVPFLLAREVLPGMRERGFGWVVNIGSGVGSEVVPGSGGYGVSKHTVHRLTELIHEENRDLGIRAVTVAPGWVSTRLAARPADLGVPEEEVLDAEDIADTVAWLLDRPARMSVGPLVRVEPSASRAAAGDAMTRHLTRSRAEGAGPDAEETR,V236I,,-0.716,Q59976_STRSQ_Romero_2015,enrichment
MTATAQAGRHPVALVAGASSGIGAAVARRLAARGSAVALVGRREPELKEVAESIRAAGGTALSLALDLAGPGAPAEAVAATAAGLGPVGLLVCSAGAIRLAAVHETEERHWERQLRVNLTVPFLLAREVLPGMRERGFGWVVNIGSGVGSEVVPGSGGYGVSKHTVHRLTELIHEENRDLGIRAVTVAPGWVSTRLAARPADLGVPEEEVLDAEDIADTVAWLLDRPARMSVGPLVRVEPSASRAAAGDAMTRHLTRSRAEGAGPDAEETR,R237H,,-2.826,Q59976_STRSQ_Romero_2015,enrichment
MTATAQAGRHPVALVAGASSGIGAAVARRLAARGSAVALVGRREPELKEVAESIRAAGGTALSLALDLAGPGAPAEAVAATAAGLGPVGLLVCSAGAIRLAAVHETEERHWERQLRVNLTVPFLLAREVLPGMRERGFGWVVNIGSGVGSEVVPGSGGYGVSKHTVHRLTELIHEENRDLGIRAVTVAPGWVSTRLAARPADLGVPEEEVLDAEDIADTVAWLLDRPARMSVGPLVRVEPSASRAAAGDAMTRHLTRSRAEGAGPDAEETR,E239V,,-2.944,Q59976_STRSQ_Romero_2015,enrichment
MTATAQAGRHPVALVAGASSGIGAAVARRLAARGSAVALVGRREPELKEVAESIRAAGGTALSLALDLAGPGAPAEAVAATAAGLGPVGLLVCSAGAIRLAAVHETEERHWERQLRVNLTVPFLLAREVLPGMRERGFGWVVNIGSGVGSEVVPGSGGYGVSKHTVHRLTELIHEENRDLGIRAVTVAPGWVSTRLAARPADLGVPEEEVLDAEDIADTVAWLLDRPARMSVGPLVRVEPSASRAAAGDAMTRHLTRSRAEGAGPDAEETR,P240R,,-2.175,Q59976_STRSQ_Romero_2015,enrichment
MTATAQAGRHPVALVAGASSGIGAAVARRLAARGSAVALVGRREPELKEVAESIRAAGGTALSLALDLAGPGAPAEAVAATAAGLGPVGLLVCSAGAIRLAAVHETEERHWERQLRVNLTVPFLLAREVLPGMRERGFGWVVNIGSGVGSEVVPGSGGYGVSKHTVHRLTELIHEENRDLGIRAVTVAPGWVSTRLAARPADLGVPEEEVLDAEDIADTVAWLLDRPARMSVGPLVRVEPSASRAAAGDAMTRHLTRSRAEGAGPDAEETR,S241P,,-0.61,Q59976_STRSQ_Romero_2015,enrichment
MTATAQAGRHPVALVAGASSGIGAAVARRLAARGSAVALVGRREPELKEVAESIRAAGGTALSLALDLAGPGAPAEAVAATAAGLGPVGLLVCSAGAIRLAAVHETEERHWERQLRVNLTVPFLLAREVLPGMRERGFGWVVNIGSGVGSEVVPGSGGYGVSKHTVHRLTELIHEENRDLGIRAVTVAPGWVSTRLAARPADLGVPEEEVLDAEDIADTVAWLLDRPARMSVGPLVRVEPSASRAAAGDAMTRHLTRSRAEGAGPDAEETR,S243T,,-0.172,Q59976_STRSQ_Romero_2015,enrichment
MTATAQAGRHPVALVAGASSGIGAAVARRLAARGSAVALVGRREPELKEVAESIRAAGGTALSLALDLAGPGAPAEAVAATAAGLGPVGLLVCSAGAIRLAAVHETEERHWERQLRVNLTVPFLLAREVLPGMRERGFGWVVNIGSGVGSEVVPGSGGYGVSKHTVHRLTELIHEENRDLGIRAVTVAPGWVSTRLAARPADLGVPEEEVLDAEDIADTVAWLLDRPARMSVGPLVRVEPSASRAAAGDAMTRHLTRSRAEGAGPDAEETR,A245S,,-0.476,Q59976_STRSQ_Romero_2015,enrichment
MTATAQAGRHPVALVAGASSGIGAAVARRLAARGSAVALVGRREPELKEVAESIRAAGGTALSLALDLAGPGAPAEAVAATAAGLGPVGLLVCSAGAIRLAAVHETEERHWERQLRVNLTVPFLLAREVLPGMRERGFGWVVNIGSGVGSEVVPGSGGYGVSKHTVHRLTELIHEENRDLGIRAVTVAPGWVSTRLAARPADLGVPEEEVLDAEDIADTVAWLLDRPARMSVGPLVRVEPSASRAAAGDAMTRHLTRSRAEGAGPDAEETR,A246D,,0.048,Q59976_STRSQ_Romero_2015,enrichment
MTATAQAGRHPVALVAGASSGIGAAVARRLAARGSAVALVGRREPELKEVAESIRAAGGTALSLALDLAGPGAPAEAVAATAAGLGPVGLLVCSAGAIRLAAVHETEERHWERQLRVNLTVPFLLAREVLPGMRERGFGWVVNIGSGVGSEVVPGSGGYGVSKHTVHRLTELIHEENRDLGIRAVTVAPGWVSTRLAARPADLGVPEEEVLDAEDIADTVAWLLDRPARMSVGPLVRVEPSASRAAAGDAMTRHLTRSRAEGAGPDAEETR,A247P,,-0.005,Q59976_STRSQ_Romero_2015,enrichment
MTATAQAGRHPVALVAGASSGIGAAVARRLAARGSAVALVGRREPELKEVAESIRAAGGTALSLALDLAGPGAPAEAVAATAAGLGPVGLLVCSAGAIRLAAVHETEERHWERQLRVNLTVPFLLAREVLPGMRERGFGWVVNIGSGVGSEVVPGSGGYGVSKHTVHRLTELIHEENRDLGIRAVTVAPGWVSTRLAARPADLGVPEEEVLDAEDIADTVAWLLDRPARMSVGPLVRVEPSASRAAAGDAMTRHLTRSRAEGAGPDAEETR,A247T,,-0.204,Q59976_STRSQ_Romero_2015,enrichment
MTATAQAGRHPVALVAGASSGIGAAVARRLAARGSAVALVGRREPELKEVAESIRAAGGTALSLALDLAGPGAPAEAVAATAAGLGPVGLLVCSAGAIRLAAVHETEERHWERQLRVNLTVPFLLAREVLPGMRERGFGWVVNIGSGVGSEVVPGSGGYGVSKHTVHRLTELIHEENRDLGIRAVTVAPGWVSTRLAARPADLGVPEEEVLDAEDIADTVAWLLDRPARMSVGPLVRVEPSASRAAAGDAMTRHLTRSRAEGAGPDAEETR,A247V,,-0.106,Q59976_STRSQ_Romero_2015,enrichment
MTATAQAGRHPVALVAGASSGIGAAVARRLAARGSAVALVGRREPELKEVAESIRAAGGTALSLALDLAGPGAPAEAVAATAAGLGPVGLLVCSAGAIRLAAVHETEERHWERQLRVNLTVPFLLAREVLPGMRERGFGWVVNIGSGVGSEVVPGSGGYGVSKHTVHRLTELIHEENRDLGIRAVTVAPGWVSTRLAARPADLGVPEEEVLDAEDIADTVAWLLDRPARMSVGPLVRVEPSASRAAAGDAMTRHLTRSRAEGAGPDAEETR,A247S,,-0.45,Q59976_STRSQ_Romero_2015,enrichment
MTATAQAGRHPVALVAGASSGIGAAVARRLAARGSAVALVGRREPELKEVAESIRAAGGTALSLALDLAGPGAPAEAVAATAAGLGPVGLLVCSAGAIRLAAVHETEERHWERQLRVNLTVPFLLAREVLPGMRERGFGWVVNIGSGVGSEVVPGSGGYGVSKHTVHRLTELIHEENRDLGIRAVTVAPGWVSTRLAARPADLGVPEEEVLDAEDIADTVAWLLDRPARMSVGPLVRVEPSASRAAAGDAMTRHLTRSRAEGAGPDAEETR,A247A,,0.001,Q59976_STRSQ_Romero_2015,enrichment
MTATAQAGRHPVALVAGASSGIGAAVARRLAARGSAVALVGRREPELKEVAESIRAAGGTALSLALDLAGPGAPAEAVAATAAGLGPVGLLVCSAGAIRLAAVHETEERHWERQLRVNLTVPFLLAREVLPGMRERGFGWVVNIGSGVGSEVVPGSGGYGVSKHTVHRLTELIHEENRDLGIRAVTVAPGWVSTRLAARPADLGVPEEEVLDAEDIADTVAWLLDRPARMSVGPLVRVEPSASRAAAGDAMTRHLTRSRAEGAGPDAEETR,A247D,,-0.364,Q59976_STRSQ_Romero_2015,enrichment
MTATAQAGRHPVALVAGASSGIGAAVARRLAARGSAVALVGRREPELKEVAESIRAAGGTALSLALDLAGPGAPAEAVAATAAGLGPVGLLVCSAGAIRLAAVHETEERHWERQLRVNLTVPFLLAREVLPGMRERGFGWVVNIGSGVGSEVVPGSGGYGVSKHTVHRLTELIHEENRDLGIRAVTVAPGWVSTRLAARPADLGVPEEEVLDAEDIADTVAWLLDRPARMSVGPLVRVEPSASRAAAGDAMTRHLTRSRAEGAGPDAEETR,A247G,,0.452,Q59976_STRSQ_Romero_2015,enrichment
MTATAQAGRHPVALVAGASSGIGAAVARRLAARGSAVALVGRREPELKEVAESIRAAGGTALSLALDLAGPGAPAEAVAATAAGLGPVGLLVCSAGAIRLAAVHETEERHWERQLRVNLTVPFLLAREVLPGMRERGFGWVVNIGSGVGSEVVPGSGGYGVSKHTVHRLTELIHEENRDLGIRAVTVAPGWVSTRLAARPADLGVPEEEVLDAEDIADTVAWLLDRPARMSVGPLVRVEPSASRAAAGDAMTRHLTRSRAEGAGPDAEETR,G248D,,-1.194,Q59976_STRSQ_Romero_2015,enrichment
MTATAQAGRHPVALVAGASSGIGAAVARRLAARGSAVALVGRREPELKEVAESIRAAGGTALSLALDLAGPGAPAEAVAATAAGLGPVGLLVCSAGAIRLAAVHETEERHWERQLRVNLTVPFLLAREVLPGMRERGFGWVVNIGSGVGSEVVPGSGGYGVSKHTVHRLTELIHEENRDLGIRAVTVAPGWVSTRLAARPADLGVPEEEVLDAEDIADTVAWLLDRPARMSVGPLVRVEPSASRAAAGDAMTRHLTRSRAEGAGPDAEETR,A250D,,-0.623,Q59976_STRSQ_Romero_2015,enrichment
MTATAQAGRHPVALVAGASSGIGAAVARRLAARGSAVALVGRREPELKEVAESIRAAGGTALSLALDLAGPGAPAEAVAATAAGLGPVGLLVCSAGAIRLAAVHETEERHWERQLRVNLTVPFLLAREVLPGMRERGFGWVVNIGSGVGSEVVPGSGGYGVSKHTVHRLTELIHEENRDLGIRAVTVAPGWVSTRLAARPADLGVPEEEVLDAEDIADTVAWLLDRPARMSVGPLVRVEPSASRAAAGDAMTRHLTRSRAEGAGPDAEETR,R253S,,-0.866,Q59976_STRSQ_Romero_2015,enrichment
MTATAQAGRHPVALVAGASSGIGAAVARRLAARGSAVALVGRREPELKEVAESIRAAGGTALSLALDLAGPGAPAEAVAATAAGLGPVGLLVCSAGAIRLAAVHETEERHWERQLRVNLTVPFLLAREVLPGMRERGFGWVVNIGSGVGSEVVPGSGGYGVSKHTVHRLTELIHEENRDLGIRAVTVAPGWVSTRLAARPADLGVPEEEVLDAEDIADTVAWLLDRPARMSVGPLVRVEPSASRAAAGDAMTRHLTRSRAEGAGPDAEETR,R253R,,0.004,Q59976_STRSQ_Romero_2015,enrichment
MTATAQAGRHPVALVAGASSGIGAAVARRLAARGSAVALVGRREPELKEVAESIRAAGGTALSLALDLAGPGAPAEAVAATAAGLGPVGLLVCSAGAIRLAAVHETEERHWERQLRVNLTVPFLLAREVLPGMRERGFGWVVNIGSGVGSEVVPGSGGYGVSKHTVHRLTELIHEENRDLGIRAVTVAPGWVSTRLAARPADLGVPEEEVLDAEDIADTVAWLLDRPARMSVGPLVRVEPSASRAAAGDAMTRHLTRSRAEGAGPDAEETR,R253P,,-2.834,Q59976_STRSQ_Romero_2015,enrichment
MTATAQAGRHPVALVAGASSGIGAAVARRLAARGSAVALVGRREPELKEVAESIRAAGGTALSLALDLAGPGAPAEAVAATAAGLGPVGLLVCSAGAIRLAAVHETEERHWERQLRVNLTVPFLLAREVLPGMRERGFGWVVNIGSGVGSEVVPGSGGYGVSKHTVHRLTELIHEENRDLGIRAVTVAPGWVSTRLAARPADLGVPEEEVLDAEDIADTVAWLLDRPARMSVGPLVRVEPSASRAAAGDAMTRHLTRSRAEGAGPDAEETR,R253L,,-1.479,Q59976_STRSQ_Romero_2015,enrichment
MTATAQAGRHPVALVAGASSGIGAAVARRLAARGSAVALVGRREPELKEVAESIRAAGGTALSLALDLAGPGAPAEAVAATAAGLGPVGLLVCSAGAIRLAAVHETEERHWERQLRVNLTVPFLLAREVLPGMRERGFGWVVNIGSGVGSEVVPGSGGYGVSKHTVHRLTELIHEENRDLGIRAVTVAPGWVSTRLAARPADLGVPEEEVLDAEDIADTVAWLLDRPARMSVGPLVRVEPSASRAAAGDAMTRHLTRSRAEGAGPDAEETR,R253H,,-1.715,Q59976_STRSQ_Romero_2015,enrichment
MTATAQAGRHPVALVAGASSGIGAAVARRLAARGSAVALVGRREPELKEVAESIRAAGGTALSLALDLAGPGAPAEAVAATAAGLGPVGLLVCSAGAIRLAAVHETEERHWERQLRVNLTVPFLLAREVLPGMRERGFGWVVNIGSGVGSEVVPGSGGYGVSKHTVHRLTELIHEENRDLGIRAVTVAPGWVSTRLAARPADLGVPEEEVLDAEDIADTVAWLLDRPARMSVGPLVRVEPSASRAAAGDAMTRHLTRSRAEGAGPDAEETR,R253G,,-1.157,Q59976_STRSQ_Romero_2015,enrichment
MTATAQAGRHPVALVAGASSGIGAAVARRLAARGSAVALVGRREPELKEVAESIRAAGGTALSLALDLAGPGAPAEAVAATAAGLGPVGLLVCSAGAIRLAAVHETEERHWERQLRVNLTVPFLLAREVLPGMRERGFGWVVNIGSGVGSEVVPGSGGYGVSKHTVHRLTELIHEENRDLGIRAVTVAPGWVSTRLAARPADLGVPEEEVLDAEDIADTVAWLLDRPARMSVGPLVRVEPSASRAAAGDAMTRHLTRSRAEGAGPDAEETR,R253C,,-1.52,Q59976_STRSQ_Romero_2015,enrichment
MTATAQAGRHPVALVAGASSGIGAAVARRLAARGSAVALVGRREPELKEVAESIRAAGGTALSLALDLAGPGAPAEAVAATAAGLGPVGLLVCSAGAIRLAAVHETEERHWERQLRVNLTVPFLLAREVLPGMRERGFGWVVNIGSGVGSEVVPGSGGYGVSKHTVHRLTELIHEENRDLGIRAVTVAPGWVSTRLAARPADLGVPEEEVLDAEDIADTVAWLLDRPARMSVGPLVRVEPSASRAAAGDAMTRHLTRSRAEGAGPDAEETR,H254R,,-0.568,Q59976_STRSQ_Romero_2015,enrichment
MTATAQAGRHPVALVAGASSGIGAAVARRLAARGSAVALVGRREPELKEVAESIRAAGGTALSLALDLAGPGAPAEAVAATAAGLGPVGLLVCSAGAIRLAAVHETEERHWERQLRVNLTVPFLLAREVLPGMRERGFGWVVNIGSGVGSEVVPGSGGYGVSKHTVHRLTELIHEENRDLGIRAVTVAPGWVSTRLAARPADLGVPEEEVLDAEDIADTVAWLLDRPARMSVGPLVRVEPSASRAAAGDAMTRHLTRSRAEGAGPDAEETR,L255I,,-0.58,Q59976_STRSQ_Romero_2015,enrichment
MTATAQAGRHPVALVAGASSGIGAAVARRLAARGSAVALVGRREPELKEVAESIRAAGGTALSLALDLAGPGAPAEAVAATAAGLGPVGLLVCSAGAIRLAAVHETEERHWERQLRVNLTVPFLLAREVLPGMRERGFGWVVNIGSGVGSEVVPGSGGYGVSKHTVHRLTELIHEENRDLGIRAVTVAPGWVSTRLAARPADLGVPEEEVLDAEDIADTVAWLLDRPARMSVGPLVRVEPSASRAAAGDAMTRHLTRSRAEGAGPDAEETR,G262V,,-0.986,Q59976_STRSQ_Romero_2015,enrichment
MTATAQAGRHPVALVAGASSGIGAAVARRLAARGSAVALVGRREPELKEVAESIRAAGGTALSLALDLAGPGAPAEAVAATAAGLGPVGLLVCSAGAIRLAAVHETEERHWERQLRVNLTVPFLLAREVLPGMRERGFGWVVNIGSGVGSEVVPGSGGYGVSKHTVHRLTELIHEENRDLGIRAVTVAPGWVSTRLAARPADLGVPEEEVLDAEDIADTVAWLLDRPARMSVGPLVRVEPSASRAAAGDAMTRHLTRSRAEGAGPDAEETR,E269Q,,0.013,Q59976_STRSQ_Romero_2015,enrichment
