sequence,mutation1,mutation2,enrichment_score,source,original_feature
MTATAQAGRHPVALVAGASSGIGAAVARRLAARGSAVALVGRREPELKEVAESIRAAGGTALSLALDLAGPGAPAEAVAATAAGLGPVGLLVCSAGAIRLAAVHETEERHWERQLRVNLTVPFLLAREVLPGMRERGFGWVVNIGSGVGSEVVPGSGGYGVSKHTVHRLTELIHEENRDLGIRAVTVAPGWVSTRLAARPADLGVPEEEVLDAEDIADTVAWLLDRPARMSVGPLVRVEPSASRAAAGDAMTRHLTRSRAEGAGPDAEETR,P131L,,-2.4221894651417806,Q59976_STRSQ_Romero_2015,enrichment
MTATAQAGRHPVALVAGASSGIGAAVARRLAARGSAVALVGRREPELKEVAESIRAAGGTALSLALDLAGPGAPAEAVAATAAGLGPVGLLVCSAGAIRLAAVHETEERHWERQLRVNLTVPFLLAREVLPGMRERGFGWVVNIGSGVGSEVVPGSGGYGVSKHTVHRLTELIHEENRDLGIRAVTVAPGWVSTRLAARPADLGVPEEEVLDAEDIADTVAWLLDRPARMSVGPLVRVEPSASRAAAGDAMTRHLTRSRAEGAGPDAEETR,G190G,,0.9907445177899975,Q59976_STRSQ_Romero_2015,enrichment
MTATAQAGRHPVALVAGASSGIGAAVARRLAARGSAVALVGRREPELKEVAESIRAAGGTALSLALDLAGPGAPAEAVAATAAGLGPVGLLVCSAGAIRLAAVHETEERHWERQLRVNLTVPFLLAREVLPGMRERGFGWVVNIGSGVGSEVVPGSGGYGVSKHTVHRLTELIHEENRDLGIRAVTVAPGWVSTRLAARPADLGVPEEEVLDAEDIADTVAWLLDRPARMSVGPLVRVEPSASRAAAGDAMTRHLTRSRAEGAGPDAEETR,A5T,,-0.6355528834727957,Q59976_STRSQ_Romero_2015,enrichment
MTATAQAGRHPVALVAGASSGIGAAVARRLAARGSAVALVGRREPELKEVAESIRAAGGTALSLALDLAGPGAPAEAVAATAAGLGPVGLLVCSAGAIRLAAVHETEERHWERQLRVNLTVPFLLAREVLPGMRERGFGWVVNIGSGVGSEVVPGSGGYGVSKHTVHRLTELIHEENRDLGIRAVTVAPGWVSTRLAARPADLGVPEEEVLDAEDIADTVAWLLDRPARMSVGPLVRVEPSASRAAAGDAMTRHLTRSRAEGAGPDAEETR,E105A,,0.3986348301471354,Q59976_STRSQ_Romero_2015,enrichment
MTATAQAGRHPVALVAGASSGIGAAVARRLAARGSAVALVGRREPELKEVAESIRAAGGTALSLALDLAGPGAPAEAVAATAAGLGPVGLLVCSAGAIRLAAVHETEERHWERQLRVNLTVPFLLAREVLPGMRERGFGWVVNIGSGVGSEVVPGSGGYGVSKHTVHRLTELIHEENRDLGIRAVTVAPGWVSTRLAARPADLGVPEEEVLDAEDIADTVAWLLDRPARMSVGPLVRVEPSASRAAAGDAMTRHLTRSRAEGAGPDAEETR,R229Q,,0.6276908021559795,Q59976_STRSQ_Romero_2015,enrichment
MTATAQAGRHPVALVAGASSGIGAAVARRLAARGSAVALVGRREPELKEVAESIRAAGGTALSLALDLAGPGAPAEAVAATAAGLGPVGLLVCSAGAIRLAAVHETEERHWERQLRVNLTVPFLLAREVLPGMRERGFGWVVNIGSGVGSEVVPGSGGYGVSKHTVHRLTELIHEENRDLGIRAVTVAPGWVSTRLAARPADLGVPEEEVLDAEDIADTVAWLLDRPARMSVGPLVRVEPSASRAAAGDAMTRHLTRSRAEGAGPDAEETR,L211M,,0.9392069240880075,Q59976_STRSQ_Romero_2015,enrichment
MTATAQAGRHPVALVAGASSGIGAAVARRLAARGSAVALVGRREPELKEVAESIRAAGGTALSLALDLAGPGAPAEAVAATAAGLGPVGLLVCSAGAIRLAAVHETEERHWERQLRVNLTVPFLLAREVLPGMRERGFGWVVNIGSGVGSEVVPGSGGYGVSKHTVHRLTELIHEENRDLGIRAVTVAPGWVSTRLAARPADLGVPEEEVLDAEDIADTVAWLLDRPARMSVGPLVRVEPSASRAAAGDAMTRHLTRSRAEGAGPDAEETR,H164D,,0.7387829485802689,Q59976_STRSQ_Romero_2015,enrichment
MTATAQAGRHPVALVAGASSGIGAAVARRLAARGSAVALVGRREPELKEVAESIRAAGGTALSLALDLAGPGAPAEAVAATAAGLGPVGLLVCSAGAIRLAAVHETEERHWERQLRVNLTVPFLLAREVLPGMRERGFGWVVNIGSGVGSEVVPGSGGYGVSKHTVHRLTELIHEENRDLGIRAVTVAPGWVSTRLAARPADLGVPEEEVLDAEDIADTVAWLLDRPARMSVGPLVRVEPSASRAAAGDAMTRHLTRSRAEGAGPDAEETR,Q6H,,0.43299322594846207,Q59976_STRSQ_Romero_2015,enrichment
MTATAQAGRHPVALVAGASSGIGAAVARRLAARGSAVALVGRREPELKEVAESIRAAGGTALSLALDLAGPGAPAEAVAATAAGLGPVGLLVCSAGAIRLAAVHETEERHWERQLRVNLTVPFLLAREVLPGMRERGFGWVVNIGSGVGSEVVPGSGGYGVSKHTVHRLTELIHEENRDLGIRAVTVAPGWVSTRLAARPADLGVPEEEVLDAEDIADTVAWLLDRPARMSVGPLVRVEPSASRAAAGDAMTRHLTRSRAEGAGPDAEETR,Q6P,,1.206057131478311,Q59976_STRSQ_Romero_2015,enrichment
MTATAQAGRHPVALVAGASSGIGAAVARRLAARGSAVALVGRREPELKEVAESIRAAGGTALSLALDLAGPGAPAEAVAATAAGLGPVGLLVCSAGAIRLAAVHETEERHWERQLRVNLTVPFLLAREVLPGMRERGFGWVVNIGSGVGSEVVPGSGGYGVSKHTVHRLTELIHEENRDLGIRAVTVAPGWVSTRLAARPADLGVPEEEVLDAEDIADTVAWLLDRPARMSVGPLVRVEPSASRAAAGDAMTRHLTRSRAEGAGPDAEETR,G262V,,-0.14308254365378092,Q59976_STRSQ_Romero_2015,enrichment
MTATAQAGRHPVALVAGASSGIGAAVARRLAARGSAVALVGRREPELKEVAESIRAAGGTALSLALDLAGPGAPAEAVAATAAGLGPVGLLVCSAGAIRLAAVHETEERHWERQLRVNLTVPFLLAREVLPGMRERGFGWVVNIGSGVGSEVVPGSGGYGVSKHTVHRLTELIHEENRDLGIRAVTVAPGWVSTRLAARPADLGVPEEEVLDAEDIADTVAWLLDRPARMSVGPLVRVEPSASRAAAGDAMTRHLTRSRAEGAGPDAEETR,R28T,,-1.252858728036631,Q59976_STRSQ_Romero_2015,enrichment
MTATAQAGRHPVALVAGASSGIGAAVARRLAARGSAVALVGRREPELKEVAESIRAAGGTALSLALDLAGPGAPAEAVAATAAGLGPVGLLVCSAGAIRLAAVHETEERHWERQLRVNLTVPFLLAREVLPGMRERGFGWVVNIGSGVGSEVVPGSGGYGVSKHTVHRLTELIHEENRDLGIRAVTVAPGWVSTRLAARPADLGVPEEEVLDAEDIADTVAWLLDRPARMSVGPLVRVEPSASRAAAGDAMTRHLTRSRAEGAGPDAEETR,Q6E,,0.7513810270407554,Q59976_STRSQ_Romero_2015,enrichment
MTATAQAGRHPVALVAGASSGIGAAVARRLAARGSAVALVGRREPELKEVAESIRAAGGTALSLALDLAGPGAPAEAVAATAAGLGPVGLLVCSAGAIRLAAVHETEERHWERQLRVNLTVPFLLAREVLPGMRERGFGWVVNIGSGVGSEVVPGSGGYGVSKHTVHRLTELIHEENRDLGIRAVTVAPGWVSTRLAARPADLGVPEEEVLDAEDIADTVAWLLDRPARMSVGPLVRVEPSASRAAAGDAMTRHLTRSRAEGAGPDAEETR,N177I,,-2.3557632332592155,Q59976_STRSQ_Romero_2015,enrichment
MTATAQAGRHPVALVAGASSGIGAAVARRLAARGSAVALVGRREPELKEVAESIRAAGGTALSLALDLAGPGAPAEAVAATAAGLGPVGLLVCSAGAIRLAAVHETEERHWERQLRVNLTVPFLLAREVLPGMRERGFGWVVNIGSGVGSEVVPGSGGYGVSKHTVHRLTELIHEENRDLGIRAVTVAPGWVSTRLAARPADLGVPEEEVLDAEDIADTVAWLLDRPARMSVGPLVRVEPSASRAAAGDAMTRHLTRSRAEGAGPDAEETR,V232I,,0.41352346832771025,Q59976_STRSQ_Romero_2015,enrichment
MTATAQAGRHPVALVAGASSGIGAAVARRLAARGSAVALVGRREPELKEVAESIRAAGGTALSLALDLAGPGAPAEAVAATAAGLGPVGLLVCSAGAIRLAAVHETEERHWERQLRVNLTVPFLLAREVLPGMRERGFGWVVNIGSGVGSEVVPGSGGYGVSKHTVHRLTELIHEENRDLGIRAVTVAPGWVSTRLAARPADLGVPEEEVLDAEDIADTVAWLLDRPARMSVGPLVRVEPSASRAAAGDAMTRHLTRSRAEGAGPDAEETR,R42L,,-1.0169310768675215,Q59976_STRSQ_Romero_2015,enrichment
MTATAQAGRHPVALVAGASSGIGAAVARRLAARGSAVALVGRREPELKEVAESIRAAGGTALSLALDLAGPGAPAEAVAATAAGLGPVGLLVCSAGAIRLAAVHETEERHWERQLRVNLTVPFLLAREVLPGMRERGFGWVVNIGSGVGSEVVPGSGGYGVSKHTVHRLTELIHEENRDLGIRAVTVAPGWVSTRLAARPADLGVPEEEVLDAEDIADTVAWLLDRPARMSVGPLVRVEPSASRAAAGDAMTRHLTRSRAEGAGPDAEETR,L203L,,0.99418035737013,Q59976_STRSQ_Romero_2015,enrichment
MTATAQAGRHPVALVAGASSGIGAAVARRLAARGSAVALVGRREPELKEVAESIRAAGGTALSLALDLAGPGAPAEAVAATAAGLGPVGLLVCSAGAIRLAAVHETEERHWERQLRVNLTVPFLLAREVLPGMRERGFGWVVNIGSGVGSEVVPGSGGYGVSKHTVHRLTELIHEENRDLGIRAVTVAPGWVSTRLAARPADLGVPEEEVLDAEDIADTVAWLLDRPARMSVGPLVRVEPSASRAAAGDAMTRHLTRSRAEGAGPDAEETR,L85L,,0.9918897976500417,Q59976_STRSQ_Romero_2015,enrichment
MTATAQAGRHPVALVAGASSGIGAAVARRLAARGSAVALVGRREPELKEVAESIRAAGGTALSLALDLAGPGAPAEAVAATAAGLGPVGLLVCSAGAIRLAAVHETEERHWERQLRVNLTVPFLLAREVLPGMRERGFGWVVNIGSGVGSEVVPGSGGYGVSKHTVHRLTELIHEENRDLGIRAVTVAPGWVSTRLAARPADLGVPEEEVLDAEDIADTVAWLLDRPARMSVGPLVRVEPSASRAAAGDAMTRHLTRSRAEGAGPDAEETR,G86V,,0.5532476112531052,Q59976_STRSQ_Romero_2015,enrichment
MTATAQAGRHPVALVAGASSGIGAAVARRLAARGSAVALVGRREPELKEVAESIRAAGGTALSLALDLAGPGAPAEAVAATAAGLGPVGLLVCSAGAIRLAAVHETEERHWERQLRVNLTVPFLLAREVLPGMRERGFGWVVNIGSGVGSEVVPGSGGYGVSKHTVHRLTELIHEENRDLGIRAVTVAPGWVSTRLAARPADLGVPEEEVLDAEDIADTVAWLLDRPARMSVGPLVRVEPSASRAAAGDAMTRHLTRSRAEGAGPDAEETR,A201S,,0.21997117198023694,Q59976_STRSQ_Romero_2015,enrichment
MTATAQAGRHPVALVAGASSGIGAAVARRLAARGSAVALVGRREPELKEVAESIRAAGGTALSLALDLAGPGAPAEAVAATAAGLGPVGLLVCSAGAIRLAAVHETEERHWERQLRVNLTVPFLLAREVLPGMRERGFGWVVNIGSGVGSEVVPGSGGYGVSKHTVHRLTELIHEENRDLGIRAVTVAPGWVSTRLAARPADLGVPEEEVLDAEDIADTVAWLLDRPARMSVGPLVRVEPSASRAAAGDAMTRHLTRSRAEGAGPDAEETR,A198D,,0.6002040855149181,Q59976_STRSQ_Romero_2015,enrichment
MTATAQAGRHPVALVAGASSGIGAAVARRLAARGSAVALVGRREPELKEVAESIRAAGGTALSLALDLAGPGAPAEAVAATAAGLGPVGLLVCSAGAIRLAAVHETEERHWERQLRVNLTVPFLLAREVLPGMRERGFGWVVNIGSGVGSEVVPGSGGYGVSKHTVHRLTELIHEENRDLGIRAVTVAPGWVSTRLAARPADLGVPEEEVLDAEDIADTVAWLLDRPARMSVGPLVRVEPSASRAAAGDAMTRHLTRSRAEGAGPDAEETR,A201P,,0.9907445177899975,Q59976_STRSQ_Romero_2015,enrichment
MTATAQAGRHPVALVAGASSGIGAAVARRLAARGSAVALVGRREPELKEVAESIRAAGGTALSLALDLAGPGAPAEAVAATAAGLGPVGLLVCSAGAIRLAAVHETEERHWERQLRVNLTVPFLLAREVLPGMRERGFGWVVNIGSGVGSEVVPGSGGYGVSKHTVHRLTELIHEENRDLGIRAVTVAPGWVSTRLAARPADLGVPEEEVLDAEDIADTVAWLLDRPARMSVGPLVRVEPSASRAAAGDAMTRHLTRSRAEGAGPDAEETR,A13D,,1.2656116842006107,Q59976_STRSQ_Romero_2015,enrichment
MTATAQAGRHPVALVAGASSGIGAAVARRLAARGSAVALVGRREPELKEVAESIRAAGGTALSLALDLAGPGAPAEAVAATAAGLGPVGLLVCSAGAIRLAAVHETEERHWERQLRVNLTVPFLLAREVLPGMRERGFGWVVNIGSGVGSEVVPGSGGYGVSKHTVHRLTELIHEENRDLGIRAVTVAPGWVSTRLAARPADLGVPEEEVLDAEDIADTVAWLLDRPARMSVGPLVRVEPSASRAAAGDAMTRHLTRSRAEGAGPDAEETR,G86G,,0.9873086782098648,Q59976_STRSQ_Romero_2015,enrichment
MTATAQAGRHPVALVAGASSGIGAAVARRLAARGSAVALVGRREPELKEVAESIRAAGGTALSLALDLAGPGAPAEAVAATAAGLGPVGLLVCSAGAIRLAAVHETEERHWERQLRVNLTVPFLLAREVLPGMRERGFGWVVNIGSGVGSEVVPGSGGYGVSKHTVHRLTELIHEENRDLGIRAVTVAPGWVSTRLAARPADLGVPEEEVLDAEDIADTVAWLLDRPARMSVGPLVRVEPSASRAAAGDAMTRHLTRSRAEGAGPDAEETR,V205A,,-0.2908236455994854,Q59976_STRSQ_Romero_2015,enrichment
MTATAQAGRHPVALVAGASSGIGAAVARRLAARGSAVALVGRREPELKEVAESIRAAGGTALSLALDLAGPGAPAEAVAATAAGLGPVGLLVCSAGAIRLAAVHETEERHWERQLRVNLTVPFLLAREVLPGMRERGFGWVVNIGSGVGSEVVPGSGGYGVSKHTVHRLTELIHEENRDLGIRAVTVAPGWVSTRLAARPADLGVPEEEVLDAEDIADTVAWLLDRPARMSVGPLVRVEPSASRAAAGDAMTRHLTRSRAEGAGPDAEETR,A57V,,-1.083357308750086,Q59976_STRSQ_Romero_2015,enrichment
MTATAQAGRHPVALVAGASSGIGAAVARRLAARGSAVALVGRREPELKEVAESIRAAGGTALSLALDLAGPGAPAEAVAATAAGLGPVGLLVCSAGAIRLAAVHETEERHWERQLRVNLTVPFLLAREVLPGMRERGFGWVVNIGSGVGSEVVPGSGGYGVSKHTVHRLTELIHEENRDLGIRAVTVAPGWVSTRLAARPADLGVPEEEVLDAEDIADTVAWLLDRPARMSVGPLVRVEPSASRAAAGDAMTRHLTRSRAEGAGPDAEETR,A201G,,0.8452939755643815,Q59976_STRSQ_Romero_2015,enrichment
MTATAQAGRHPVALVAGASSGIGAAVARRLAARGSAVALVGRREPELKEVAESIRAAGGTALSLALDLAGPGAPAEAVAATAAGLGPVGLLVCSAGAIRLAAVHETEERHWERQLRVNLTVPFLLAREVLPGMRERGFGWVVNIGSGVGSEVVPGSGGYGVSKHTVHRLTELIHEENRDLGIRAVTVAPGWVSTRLAARPADLGVPEEEVLDAEDIADTVAWLLDRPARMSVGPLVRVEPSASRAAAGDAMTRHLTRSRAEGAGPDAEETR,G84S,,0.5841701674742992,Q59976_STRSQ_Romero_2015,enrichment
MTATAQAGRHPVALVAGASSGIGAAVARRLAARGSAVALVGRREPELKEVAESIRAAGGTALSLALDLAGPGAPAEAVAATAAGLGPVGLLVCSAGAIRLAAVHETEERHWERQLRVNLTVPFLLAREVLPGMRERGFGWVVNIGSGVGSEVVPGSGGYGVSKHTVHRLTELIHEENRDLGIRAVTVAPGWVSTRLAARPADLGVPEEEVLDAEDIADTVAWLLDRPARMSVGPLVRVEPSASRAAAGDAMTRHLTRSRAEGAGPDAEETR,L180W,,0.1157507047162129,Q59976_STRSQ_Romero_2015,enrichment
MTATAQAGRHPVALVAGASSGIGAAVARRLAARGSAVALVGRREPELKEVAESIRAAGGTALSLALDLAGPGAPAEAVAATAAGLGPVGLLVCSAGAIRLAAVHETEERHWERQLRVNLTVPFLLAREVLPGMRERGFGWVVNIGSGVGSEVVPGSGGYGVSKHTVHRLTELIHEENRDLGIRAVTVAPGWVSTRLAARPADLGVPEEEVLDAEDIADTVAWLLDRPARMSVGPLVRVEPSASRAAAGDAMTRHLTRSRAEGAGPDAEETR,V40D,,-0.4374194676851458,Q59976_STRSQ_Romero_2015,enrichment
MTATAQAGRHPVALVAGASSGIGAAVARRLAARGSAVALVGRREPELKEVAESIRAAGGTALSLALDLAGPGAPAEAVAATAAGLGPVGLLVCSAGAIRLAAVHETEERHWERQLRVNLTVPFLLAREVLPGMRERGFGWVVNIGSGVGSEVVPGSGGYGVSKHTVHRLTELIHEENRDLGIRAVTVAPGWVSTRLAARPADLGVPEEEVLDAEDIADTVAWLLDRPARMSVGPLVRVEPSASRAAAGDAMTRHLTRSRAEGAGPDAEETR,R199P,,0.09169982765528438,Q59976_STRSQ_Romero_2015,enrichment
MTATAQAGRHPVALVAGASSGIGAAVARRLAARGSAVALVGRREPELKEVAESIRAAGGTALSLALDLAGPGAPAEAVAATAAGLGPVGLLVCSAGAIRLAAVHETEERHWERQLRVNLTVPFLLAREVLPGMRERGFGWVVNIGSGVGSEVVPGSGGYGVSKHTVHRLTELIHEENRDLGIRAVTVAPGWVSTRLAARPADLGVPEEEVLDAEDIADTVAWLLDRPARMSVGPLVRVEPSASRAAAGDAMTRHLTRSRAEGAGPDAEETR,L211Q,,-1.59186156660972,Q59976_STRSQ_Romero_2015,enrichment
MTATAQAGRHPVALVAGASSGIGAAVARRLAARGSAVALVGRREPELKEVAESIRAAGGTALSLALDLAGPGAPAEAVAATAAGLGPVGLLVCSAGAIRLAAVHETEERHWERQLRVNLTVPFLLAREVLPGMRERGFGWVVNIGSGVGSEVVPGSGGYGVSKHTVHRLTELIHEENRDLGIRAVTVAPGWVSTRLAARPADLGVPEEEVLDAEDIADTVAWLLDRPARMSVGPLVRVEPSASRAAAGDAMTRHLTRSRAEGAGPDAEETR,G34E,,-2.061426309227851,Q59976_STRSQ_Romero_2015,enrichment
MTATAQAGRHPVALVAGASSGIGAAVARRLAARGSAVALVGRREPELKEVAESIRAAGGTALSLALDLAGPGAPAEAVAATAAGLGPVGLLVCSAGAIRLAAVHETEERHWERQLRVNLTVPFLLAREVLPGMRERGFGWVVNIGSGVGSEVVPGSGGYGVSKHTVHRLTELIHEENRDLGIRAVTVAPGWVSTRLAARPADLGVPEEEVLDAEDIADTVAWLLDRPARMSVGPLVRVEPSASRAAAGDAMTRHLTRSRAEGAGPDAEETR,S231S,,0.9907445177899975,Q59976_STRSQ_Romero_2015,enrichment
MTATAQAGRHPVALVAGASSGIGAAVARRLAARGSAVALVGRREPELKEVAESIRAAGGTALSLALDLAGPGAPAEAVAATAAGLGPVGLLVCSAGAIRLAAVHETEERHWERQLRVNLTVPFLLAREVLPGMRERGFGWVVNIGSGVGSEVVPGSGGYGVSKHTVHRLTELIHEENRDLGIRAVTVAPGWVSTRLAARPADLGVPEEEVLDAEDIADTVAWLLDRPARMSVGPLVRVEPSASRAAAGDAMTRHLTRSRAEGAGPDAEETR,V78A,,0.5234703348919554,Q59976_STRSQ_Romero_2015,enrichment
MTATAQAGRHPVALVAGASSGIGAAVARRLAARGSAVALVGRREPELKEVAESIRAAGGTALSLALDLAGPGAPAEAVAATAAGLGPVGLLVCSAGAIRLAAVHETEERHWERQLRVNLTVPFLLAREVLPGMRERGFGWVVNIGSGVGSEVVPGSGGYGVSKHTVHRLTELIHEENRDLGIRAVTVAPGWVSTRLAARPADLGVPEEEVLDAEDIADTVAWLLDRPARMSVGPLVRVEPSASRAAAGDAMTRHLTRSRAEGAGPDAEETR,G41S,,0.4868213793705404,Q59976_STRSQ_Romero_2015,enrichment
MTATAQAGRHPVALVAGASSGIGAAVARRLAARGSAVALVGRREPELKEVAESIRAAGGTALSLALDLAGPGAPAEAVAATAAGLGPVGLLVCSAGAIRLAAVHETEERHWERQLRVNLTVPFLLAREVLPGMRERGFGWVVNIGSGVGSEVVPGSGGYGVSKHTVHRLTELIHEENRDLGIRAVTVAPGWVSTRLAARPADLGVPEEEVLDAEDIADTVAWLLDRPARMSVGPLVRVEPSASRAAAGDAMTRHLTRSRAEGAGPDAEETR,G86R,,0.7628338256411976,Q59976_STRSQ_Romero_2015,enrichment
MTATAQAGRHPVALVAGASSGIGAAVARRLAARGSAVALVGRREPELKEVAESIRAAGGTALSLALDLAGPGAPAEAVAATAAGLGPVGLLVCSAGAIRLAAVHETEERHWERQLRVNLTVPFLLAREVLPGMRERGFGWVVNIGSGVGSEVVPGSGGYGVSKHTVHRLTELIHEENRDLGIRAVTVAPGWVSTRLAARPADLGVPEEEVLDAEDIADTVAWLLDRPARMSVGPLVRVEPSASRAAAGDAMTRHLTRSRAEGAGPDAEETR,R136L,,-1.1967400148944638,Q59976_STRSQ_Romero_2015,enrichment
MTATAQAGRHPVALVAGASSGIGAAVARRLAARGSAVALVGRREPELKEVAESIRAAGGTALSLALDLAGPGAPAEAVAATAAGLGPVGLLVCSAGAIRLAAVHETEERHWERQLRVNLTVPFLLAREVLPGMRERGFGWVVNIGSGVGSEVVPGSGGYGVSKHTVHRLTELIHEENRDLGIRAVTVAPGWVSTRLAARPADLGVPEEEVLDAEDIADTVAWLLDRPARMSVGPLVRVEPSASRAAAGDAMTRHLTRSRAEGAGPDAEETR,P189S,,-2.2698672437558987,Q59976_STRSQ_Romero_2015,enrichment
MTATAQAGRHPVALVAGASSGIGAAVARRLAARGSAVALVGRREPELKEVAESIRAAGGTALSLALDLAGPGAPAEAVAATAAGLGPVGLLVCSAGAIRLAAVHETEERHWERQLRVNLTVPFLLAREVLPGMRERGFGWVVNIGSGVGSEVVPGSGGYGVSKHTVHRLTELIHEENRDLGIRAVTVAPGWVSTRLAARPADLGVPEEEVLDAEDIADTVAWLLDRPARMSVGPLVRVEPSASRAAAGDAMTRHLTRSRAEGAGPDAEETR,S146W,,1.1957496127379128,Q59976_STRSQ_Romero_2015,enrichment
MTATAQAGRHPVALVAGASSGIGAAVARRLAARGSAVALVGRREPELKEVAESIRAAGGTALSLALDLAGPGAPAEAVAATAAGLGPVGLLVCSAGAIRLAAVHETEERHWERQLRVNLTVPFLLAREVLPGMRERGFGWVVNIGSGVGSEVVPGSGGYGVSKHTVHRLTELIHEENRDLGIRAVTVAPGWVSTRLAARPADLGVPEEEVLDAEDIADTVAWLLDRPARMSVGPLVRVEPSASRAAAGDAMTRHLTRSRAEGAGPDAEETR,A27T,,0.8956862894063272,Q59976_STRSQ_Romero_2015,enrichment
MTATAQAGRHPVALVAGASSGIGAAVARRLAARGSAVALVGRREPELKEVAESIRAAGGTALSLALDLAGPGAPAEAVAATAAGLGPVGLLVCSAGAIRLAAVHETEERHWERQLRVNLTVPFLLAREVLPGMRERGFGWVVNIGSGVGSEVVPGSGGYGVSKHTVHRLTELIHEENRDLGIRAVTVAPGWVSTRLAARPADLGVPEEEVLDAEDIADTVAWLLDRPARMSVGPLVRVEPSASRAAAGDAMTRHLTRSRAEGAGPDAEETR,A245S,,0.4410101849687716,Q59976_STRSQ_Romero_2015,enrichment
MTATAQAGRHPVALVAGASSGIGAAVARRLAARGSAVALVGRREPELKEVAESIRAAGGTALSLALDLAGPGAPAEAVAATAAGLGPVGLLVCSAGAIRLAAVHETEERHWERQLRVNLTVPFLLAREVLPGMRERGFGWVVNIGSGVGSEVVPGSGGYGVSKHTVHRLTELIHEENRDLGIRAVTVAPGWVSTRLAARPADLGVPEEEVLDAEDIADTVAWLLDRPARMSVGPLVRVEPSASRAAAGDAMTRHLTRSRAEGAGPDAEETR,A51E,,-1.4738977410251657,Q59976_STRSQ_Romero_2015,enrichment
MTATAQAGRHPVALVAGASSGIGAAVARRLAARGSAVALVGRREPELKEVAESIRAAGGTALSLALDLAGPGAPAEAVAATAAGLGPVGLLVCSAGAIRLAAVHETEERHWERQLRVNLTVPFLLAREVLPGMRERGFGWVVNIGSGVGSEVVPGSGGYGVSKHTVHRLTELIHEENRDLGIRAVTVAPGWVSTRLAARPADLGVPEEEVLDAEDIADTVAWLLDRPARMSVGPLVRVEPSASRAAAGDAMTRHLTRSRAEGAGPDAEETR,A197T,,0.6723567166977041,Q59976_STRSQ_Romero_2015,enrichment
MTATAQAGRHPVALVAGASSGIGAAVARRLAARGSAVALVGRREPELKEVAESIRAAGGTALSLALDLAGPGAPAEAVAATAAGLGPVGLLVCSAGAIRLAAVHETEERHWERQLRVNLTVPFLLAREVLPGMRERGFGWVVNIGSGVGSEVVPGSGGYGVSKHTVHRLTELIHEENRDLGIRAVTVAPGWVSTRLAARPADLGVPEEEVLDAEDIADTVAWLLDRPARMSVGPLVRVEPSASRAAAGDAMTRHLTRSRAEGAGPDAEETR,E107Q,,1.5404788506112232,Q59976_STRSQ_Romero_2015,enrichment
MTATAQAGRHPVALVAGASSGIGAAVARRLAARGSAVALVGRREPELKEVAESIRAAGGTALSLALDLAGPGAPAEAVAATAAGLGPVGLLVCSAGAIRLAAVHETEERHWERQLRVNLTVPFLLAREVLPGMRERGFGWVVNIGSGVGSEVVPGSGGYGVSKHTVHRLTELIHEENRDLGIRAVTVAPGWVSTRLAARPADLGVPEEEVLDAEDIADTVAWLLDRPARMSVGPLVRVEPSASRAAAGDAMTRHLTRSRAEGAGPDAEETR,V232V,,0.99418035737013,Q59976_STRSQ_Romero_2015,enrichment
MTATAQAGRHPVALVAGASSGIGAAVARRLAARGSAVALVGRREPELKEVAESIRAAGGTALSLALDLAGPGAPAEAVAATAAGLGPVGLLVCSAGAIRLAAVHETEERHWERQLRVNLTVPFLLAREVLPGMRERGFGWVVNIGSGVGSEVVPGSGGYGVSKHTVHRLTELIHEENRDLGIRAVTVAPGWVSTRLAARPADLGVPEEEVLDAEDIADTVAWLLDRPARMSVGPLVRVEPSASRAAAGDAMTRHLTRSRAEGAGPDAEETR,P87A,,-0.2954047650396623,Q59976_STRSQ_Romero_2015,enrichment
MTATAQAGRHPVALVAGASSGIGAAVARRLAARGSAVALVGRREPELKEVAESIRAAGGTALSLALDLAGPGAPAEAVAATAAGLGPVGLLVCSAGAIRLAAVHETEERHWERQLRVNLTVPFLLAREVLPGMRERGFGWVVNIGSGVGSEVVPGSGGYGVSKHTVHRLTELIHEENRDLGIRAVTVAPGWVSTRLAARPADLGVPEEEVLDAEDIADTVAWLLDRPARMSVGPLVRVEPSASRAAAGDAMTRHLTRSRAEGAGPDAEETR,A247S,,0.4707874613299213,Q59976_STRSQ_Romero_2015,enrichment
MTATAQAGRHPVALVAGASSGIGAAVARRLAARGSAVALVGRREPELKEVAESIRAAGGTALSLALDLAGPGAPAEAVAATAAGLGPVGLLVCSAGAIRLAAVHETEERHWERQLRVNLTVPFLLAREVLPGMRERGFGWVVNIGSGVGSEVVPGSGGYGVSKHTVHRLTELIHEENRDLGIRAVTVAPGWVSTRLAARPADLGVPEEEVLDAEDIADTVAWLLDRPARMSVGPLVRVEPSASRAAAGDAMTRHLTRSRAEGAGPDAEETR,G86C,,0.2153900525400602,Q59976_STRSQ_Romero_2015,enrichment
MTATAQAGRHPVALVAGASSGIGAAVARRLAARGSAVALVGRREPELKEVAESIRAAGGTALSLALDLAGPGAPAEAVAATAAGLGPVGLLVCSAGAIRLAAVHETEERHWERQLRVNLTVPFLLAREVLPGMRERGFGWVVNIGSGVGSEVVPGSGGYGVSKHTVHRLTELIHEENRDLGIRAVTVAPGWVSTRLAARPADLGVPEEEVLDAEDIADTVAWLLDRPARMSVGPLVRVEPSASRAAAGDAMTRHLTRSRAEGAGPDAEETR,G190V,,-0.9722651623257966,Q59976_STRSQ_Romero_2015,enrichment
MTATAQAGRHPVALVAGASSGIGAAVARRLAARGSAVALVGRREPELKEVAESIRAAGGTALSLALDLAGPGAPAEAVAATAAGLGPVGLLVCSAGAIRLAAVHETEERHWERQLRVNLTVPFLLAREVLPGMRERGFGWVVNIGSGVGSEVVPGSGGYGVSKHTVHRLTELIHEENRDLGIRAVTVAPGWVSTRLAARPADLGVPEEEVLDAEDIADTVAWLLDRPARMSVGPLVRVEPSASRAAAGDAMTRHLTRSRAEGAGPDAEETR,G86D,,0.7788677436818168,Q59976_STRSQ_Romero_2015,enrichment
MTATAQAGRHPVALVAGASSGIGAAVARRLAARGSAVALVGRREPELKEVAESIRAAGGTALSLALDLAGPGAPAEAVAATAAGLGPVGLLVCSAGAIRLAAVHETEERHWERQLRVNLTVPFLLAREVLPGMRERGFGWVVNIGSGVGSEVVPGSGGYGVSKHTVHRLTELIHEENRDLGIRAVTVAPGWVSTRLAARPADLGVPEEEVLDAEDIADTVAWLLDRPARMSVGPLVRVEPSASRAAAGDAMTRHLTRSRAEGAGPDAEETR,L169R,,0.42726682664824095,Q59976_STRSQ_Romero_2015,enrichment
MTATAQAGRHPVALVAGASSGIGAAVARRLAARGSAVALVGRREPELKEVAESIRAAGGTALSLALDLAGPGAPAEAVAATAAGLGPVGLLVCSAGAIRLAAVHETEERHWERQLRVNLTVPFLLAREVLPGMRERGFGWVVNIGSGVGSEVVPGSGGYGVSKHTVHRLTELIHEENRDLGIRAVTVAPGWVSTRLAARPADLGVPEEEVLDAEDIADTVAWLLDRPARMSVGPLVRVEPSASRAAAGDAMTRHLTRSRAEGAGPDAEETR,R42H,,-1.6892103547134787,Q59976_STRSQ_Romero_2015,enrichment
MTATAQAGRHPVALVAGASSGIGAAVARRLAARGSAVALVGRREPELKEVAESIRAAGGTALSLALDLAGPGAPAEAVAATAAGLGPVGLLVCSAGAIRLAAVHETEERHWERQLRVNLTVPFLLAREVLPGMRERGFGWVVNIGSGVGSEVVPGSGGYGVSKHTVHRLTELIHEENRDLGIRAVTVAPGWVSTRLAARPADLGVPEEEVLDAEDIADTVAWLLDRPARMSVGPLVRVEPSASRAAAGDAMTRHLTRSRAEGAGPDAEETR,N177N,,1.0010520365303954,Q59976_STRSQ_Romero_2015,enrichment
MTATAQAGRHPVALVAGASSGIGAAVARRLAARGSAVALVGRREPELKEVAESIRAAGGTALSLALDLAGPGAPAEAVAATAAGLGPVGLLVCSAGAIRLAAVHETEERHWERQLRVNLTVPFLLAREVLPGMRERGFGWVVNIGSGVGSEVVPGSGGYGVSKHTVHRLTELIHEENRDLGIRAVTVAPGWVSTRLAARPADLGVPEEEVLDAEDIADTVAWLLDRPARMSVGPLVRVEPSASRAAAGDAMTRHLTRSRAEGAGPDAEETR,T4A,,-1.2150644926551712,Q59976_STRSQ_Romero_2015,enrichment
MTATAQAGRHPVALVAGASSGIGAAVARRLAARGSAVALVGRREPELKEVAESIRAAGGTALSLALDLAGPGAPAEAVAATAAGLGPVGLLVCSAGAIRLAAVHETEERHWERQLRVNLTVPFLLAREVLPGMRERGFGWVVNIGSGVGSEVVPGSGGYGVSKHTVHRLTELIHEENRDLGIRAVTVAPGWVSTRLAARPADLGVPEEEVLDAEDIADTVAWLLDRPARMSVGPLVRVEPSASRAAAGDAMTRHLTRSRAEGAGPDAEETR,L85R,,-1.637672761011489,Q59976_STRSQ_Romero_2015,enrichment
MTATAQAGRHPVALVAGASSGIGAAVARRLAARGSAVALVGRREPELKEVAESIRAAGGTALSLALDLAGPGAPAEAVAATAAGLGPVGLLVCSAGAIRLAAVHETEERHWERQLRVNLTVPFLLAREVLPGMRERGFGWVVNIGSGVGSEVVPGSGGYGVSKHTVHRLTELIHEENRDLGIRAVTVAPGWVSTRLAARPADLGVPEEEVLDAEDIADTVAWLLDRPARMSVGPLVRVEPSASRAAAGDAMTRHLTRSRAEGAGPDAEETR,A51P,,-1.0077688379871677,Q59976_STRSQ_Romero_2015,enrichment
MTATAQAGRHPVALVAGASSGIGAAVARRLAARGSAVALVGRREPELKEVAESIRAAGGTALSLALDLAGPGAPAEAVAATAAGLGPVGLLVCSAGAIRLAAVHETEERHWERQLRVNLTVPFLLAREVLPGMRERGFGWVVNIGSGVGSEVVPGSGGYGVSKHTVHRLTELIHEENRDLGIRAVTVAPGWVSTRLAARPADLGVPEEEVLDAEDIADTVAWLLDRPARMSVGPLVRVEPSASRAAAGDAMTRHLTRSRAEGAGPDAEETR,G89R,,-0.9608123637253544,Q59976_STRSQ_Romero_2015,enrichment
MTATAQAGRHPVALVAGASSGIGAAVARRLAARGSAVALVGRREPELKEVAESIRAAGGTALSLALDLAGPGAPAEAVAATAAGLGPVGLLVCSAGAIRLAAVHETEERHWERQLRVNLTVPFLLAREVLPGMRERGFGWVVNIGSGVGSEVVPGSGGYGVSKHTVHRLTELIHEENRDLGIRAVTVAPGWVSTRLAARPADLGVPEEEVLDAEDIADTVAWLLDRPARMSVGPLVRVEPSASRAAAGDAMTRHLTRSRAEGAGPDAEETR,L224V,,0.47193274118996553,Q59976_STRSQ_Romero_2015,enrichment
MTATAQAGRHPVALVAGASSGIGAAVARRLAARGSAVALVGRREPELKEVAESIRAAGGTALSLALDLAGPGAPAEAVAATAAGLGPVGLLVCSAGAIRLAAVHETEERHWERQLRVNLTVPFLLAREVLPGMRERGFGWVVNIGSGVGSEVVPGSGGYGVSKHTVHRLTELIHEENRDLGIRAVTVAPGWVSTRLAARPADLGVPEEEVLDAEDIADTVAWLLDRPARMSVGPLVRVEPSASRAAAGDAMTRHLTRSRAEGAGPDAEETR,G149R,,-0.7374827910167313,Q59976_STRSQ_Romero_2015,enrichment
MTATAQAGRHPVALVAGASSGIGAAVARRLAARGSAVALVGRREPELKEVAESIRAAGGTALSLALDLAGPGAPAEAVAATAAGLGPVGLLVCSAGAIRLAAVHETEERHWERQLRVNLTVPFLLAREVLPGMRERGFGWVVNIGSGVGSEVVPGSGGYGVSKHTVHRLTELIHEENRDLGIRAVTVAPGWVSTRLAARPADLGVPEEEVLDAEDIADTVAWLLDRPARMSVGPLVRVEPSASRAAAGDAMTRHLTRSRAEGAGPDAEETR,G84V,,-0.0812374312113931,Q59976_STRSQ_Romero_2015,enrichment
MTATAQAGRHPVALVAGASSGIGAAVARRLAARGSAVALVGRREPELKEVAESIRAAGGTALSLALDLAGPGAPAEAVAATAAGLGPVGLLVCSAGAIRLAAVHETEERHWERQLRVNLTVPFLLAREVLPGMRERGFGWVVNIGSGVGSEVVPGSGGYGVSKHTVHRLTELIHEENRDLGIRAVTVAPGWVSTRLAARPADLGVPEEEVLDAEDIADTVAWLLDRPARMSVGPLVRVEPSASRAAAGDAMTRHLTRSRAEGAGPDAEETR,A101G,,0.3997801100071796,Q59976_STRSQ_Romero_2015,enrichment
MTATAQAGRHPVALVAGASSGIGAAVARRLAARGSAVALVGRREPELKEVAESIRAAGGTALSLALDLAGPGAPAEAVAATAAGLGPVGLLVCSAGAIRLAAVHETEERHWERQLRVNLTVPFLLAREVLPGMRERGFGWVVNIGSGVGSEVVPGSGGYGVSKHTVHRLTELIHEENRDLGIRAVTVAPGWVSTRLAARPADLGVPEEEVLDAEDIADTVAWLLDRPARMSVGPLVRVEPSASRAAAGDAMTRHLTRSRAEGAGPDAEETR,A250D,,0.27265404554227113,Q59976_STRSQ_Romero_2015,enrichment
MTATAQAGRHPVALVAGASSGIGAAVARRLAARGSAVALVGRREPELKEVAESIRAAGGTALSLALDLAGPGAPAEAVAATAAGLGPVGLLVCSAGAIRLAAVHETEERHWERQLRVNLTVPFLLAREVLPGMRERGFGWVVNIGSGVGSEVVPGSGGYGVSKHTVHRLTELIHEENRDLGIRAVTVAPGWVSTRLAARPADLGVPEEEVLDAEDIADTVAWLLDRPARMSVGPLVRVEPSASRAAAGDAMTRHLTRSRAEGAGPDAEETR,G190R,,-1.2688926460772498,Q59976_STRSQ_Romero_2015,enrichment
MTATAQAGRHPVALVAGASSGIGAAVARRLAARGSAVALVGRREPELKEVAESIRAAGGTALSLALDLAGPGAPAEAVAATAAGLGPVGLLVCSAGAIRLAAVHETEERHWERQLRVNLTVPFLLAREVLPGMRERGFGWVVNIGSGVGSEVVPGSGGYGVSKHTVHRLTELIHEENRDLGIRAVTVAPGWVSTRLAARPADLGVPEEEVLDAEDIADTVAWLLDRPARMSVGPLVRVEPSASRAAAGDAMTRHLTRSRAEGAGPDAEETR,A228V,,0.5040005772712037,Q59976_STRSQ_Romero_2015,enrichment
MTATAQAGRHPVALVAGASSGIGAAVARRLAARGSAVALVGRREPELKEVAESIRAAGGTALSLALDLAGPGAPAEAVAATAAGLGPVGLLVCSAGAIRLAAVHETEERHWERQLRVNLTVPFLLAREVLPGMRERGFGWVVNIGSGVGSEVVPGSGGYGVSKHTVHRLTELIHEENRDLGIRAVTVAPGWVSTRLAARPADLGVPEEEVLDAEDIADTVAWLLDRPARMSVGPLVRVEPSASRAAAGDAMTRHLTRSRAEGAGPDAEETR,L90F,,-0.010230079888651352,Q59976_STRSQ_Romero_2015,enrichment
MTATAQAGRHPVALVAGASSGIGAAVARRLAARGSAVALVGRREPELKEVAESIRAAGGTALSLALDLAGPGAPAEAVAATAAGLGPVGLLVCSAGAIRLAAVHETEERHWERQLRVNLTVPFLLAREVLPGMRERGFGWVVNIGSGVGSEVVPGSGGYGVSKHTVHRLTELIHEENRDLGIRAVTVAPGWVSTRLAARPADLGVPEEEVLDAEDIADTVAWLLDRPARMSVGPLVRVEPSASRAAAGDAMTRHLTRSRAEGAGPDAEETR,R253L,,-0.7077055146555818,Q59976_STRSQ_Romero_2015,enrichment
MTATAQAGRHPVALVAGASSGIGAAVARRLAARGSAVALVGRREPELKEVAESIRAAGGTALSLALDLAGPGAPAEAVAATAAGLGPVGLLVCSAGAIRLAAVHETEERHWERQLRVNLTVPFLLAREVLPGMRERGFGWVVNIGSGVGSEVVPGSGGYGVSKHTVHRLTELIHEENRDLGIRAVTVAPGWVSTRLAARPADLGVPEEEVLDAEDIADTVAWLLDRPARMSVGPLVRVEPSASRAAAGDAMTRHLTRSRAEGAGPDAEETR,A51V,,0.5967682459347856,Q59976_STRSQ_Romero_2015,enrichment
MTATAQAGRHPVALVAGASSGIGAAVARRLAARGSAVALVGRREPELKEVAESIRAAGGTALSLALDLAGPGAPAEAVAATAAGLGPVGLLVCSAGAIRLAAVHETEERHWERQLRVNLTVPFLLAREVLPGMRERGFGWVVNIGSGVGSEVVPGSGGYGVSKHTVHRLTELIHEENRDLGIRAVTVAPGWVSTRLAARPADLGVPEEEVLDAEDIADTVAWLLDRPARMSVGPLVRVEPSASRAAAGDAMTRHLTRSRAEGAGPDAEETR,R134W,,-2.1083827834896636,Q59976_STRSQ_Romero_2015,enrichment
MTATAQAGRHPVALVAGASSGIGAAVARRLAARGSAVALVGRREPELKEVAESIRAAGGTALSLALDLAGPGAPAEAVAATAAGLGPVGLLVCSAGAIRLAAVHETEERHWERQLRVNLTVPFLLAREVLPGMRERGFGWVVNIGSGVGSEVVPGSGGYGVSKHTVHRLTELIHEENRDLGIRAVTVAPGWVSTRLAARPADLGVPEEEVLDAEDIADTVAWLLDRPARMSVGPLVRVEPSASRAAAGDAMTRHLTRSRAEGAGPDAEETR,A25G,,7.743885174664286e-05,Q59976_STRSQ_Romero_2015,enrichment
MTATAQAGRHPVALVAGASSGIGAAVARRLAARGSAVALVGRREPELKEVAESIRAAGGTALSLALDLAGPGAPAEAVAATAAGLGPVGLLVCSAGAIRLAAVHETEERHWERQLRVNLTVPFLLAREVLPGMRERGFGWVVNIGSGVGSEVVPGSGGYGVSKHTVHRLTELIHEENRDLGIRAVTVAPGWVSTRLAARPADLGVPEEEVLDAEDIADTVAWLLDRPARMSVGPLVRVEPSASRAAAGDAMTRHLTRSRAEGAGPDAEETR,A228T,,0.6276908021559795,Q59976_STRSQ_Romero_2015,enrichment
MTATAQAGRHPVALVAGASSGIGAAVARRLAARGSAVALVGRREPELKEVAESIRAAGGTALSLALDLAGPGAPAEAVAATAAGLGPVGLLVCSAGAIRLAAVHETEERHWERQLRVNLTVPFLLAREVLPGMRERGFGWVVNIGSGVGSEVVPGSGGYGVSKHTVHRLTELIHEENRDLGIRAVTVAPGWVSTRLAARPADLGVPEEEVLDAEDIADTVAWLLDRPARMSVGPLVRVEPSASRAAAGDAMTRHLTRSRAEGAGPDAEETR,L203M,,0.2646370865219616,Q59976_STRSQ_Romero_2015,enrichment
MTATAQAGRHPVALVAGASSGIGAAVARRLAARGSAVALVGRREPELKEVAESIRAAGGTALSLALDLAGPGAPAEAVAATAAGLGPVGLLVCSAGAIRLAAVHETEERHWERQLRVNLTVPFLLAREVLPGMRERGFGWVVNIGSGVGSEVVPGSGGYGVSKHTVHRLTELIHEENRDLGIRAVTVAPGWVSTRLAARPADLGVPEEEVLDAEDIADTVAWLLDRPARMSVGPLVRVEPSASRAAAGDAMTRHLTRSRAEGAGPDAEETR,V232F,,-1.1096987455311031,Q59976_STRSQ_Romero_2015,enrichment
MTATAQAGRHPVALVAGASSGIGAAVARRLAARGSAVALVGRREPELKEVAESIRAAGGTALSLALDLAGPGAPAEAVAATAAGLGPVGLLVCSAGAIRLAAVHETEERHWERQLRVNLTVPFLLAREVLPGMRERGFGWVVNIGSGVGSEVVPGSGGYGVSKHTVHRLTELIHEENRDLGIRAVTVAPGWVSTRLAARPADLGVPEEEVLDAEDIADTVAWLLDRPARMSVGPLVRVEPSASRAAAGDAMTRHLTRSRAEGAGPDAEETR,S150A,,0.3024313219034209,Q59976_STRSQ_Romero_2015,enrichment
MTATAQAGRHPVALVAGASSGIGAAVARRLAARGSAVALVGRREPELKEVAESIRAAGGTALSLALDLAGPGAPAEAVAATAAGLGPVGLLVCSAGAIRLAAVHETEERHWERQLRVNLTVPFLLAREVLPGMRERGFGWVVNIGSGVGSEVVPGSGGYGVSKHTVHRLTELIHEENRDLGIRAVTVAPGWVSTRLAARPADLGVPEEEVLDAEDIADTVAWLLDRPARMSVGPLVRVEPSASRAAAGDAMTRHLTRSRAEGAGPDAEETR,E171K,,0.2715087656822269,Q59976_STRSQ_Romero_2015,enrichment
MTATAQAGRHPVALVAGASSGIGAAVARRLAARGSAVALVGRREPELKEVAESIRAAGGTALSLALDLAGPGAPAEAVAATAAGLGPVGLLVCSAGAIRLAAVHETEERHWERQLRVNLTVPFLLAREVLPGMRERGFGWVVNIGSGVGSEVVPGSGGYGVSKHTVHRLTELIHEENRDLGIRAVTVAPGWVSTRLAARPADLGVPEEEVLDAEDIADTVAWLLDRPARMSVGPLVRVEPSASRAAAGDAMTRHLTRSRAEGAGPDAEETR,T165A,,0.10086206653563802,Q59976_STRSQ_Romero_2015,enrichment
MTATAQAGRHPVALVAGASSGIGAAVARRLAARGSAVALVGRREPELKEVAESIRAAGGTALSLALDLAGPGAPAEAVAATAAGLGPVGLLVCSAGAIRLAAVHETEERHWERQLRVNLTVPFLLAREVLPGMRERGFGWVVNIGSGVGSEVVPGSGGYGVSKHTVHRLTELIHEENRDLGIRAVTVAPGWVSTRLAARPADLGVPEEEVLDAEDIADTVAWLLDRPARMSVGPLVRVEPSASRAAAGDAMTRHLTRSRAEGAGPDAEETR,R195G,,-1.5620842902485705,Q59976_STRSQ_Romero_2015,enrichment
MTATAQAGRHPVALVAGASSGIGAAVARRLAARGSAVALVGRREPELKEVAESIRAAGGTALSLALDLAGPGAPAEAVAATAAGLGPVGLLVCSAGAIRLAAVHETEERHWERQLRVNLTVPFLLAREVLPGMRERGFGWVVNIGSGVGSEVVPGSGGYGVSKHTVHRLTELIHEENRDLGIRAVTVAPGWVSTRLAARPADLGVPEEEVLDAEDIADTVAWLLDRPARMSVGPLVRVEPSASRAAAGDAMTRHLTRSRAEGAGPDAEETR,R42P,,-1.9205568864424118,Q59976_STRSQ_Romero_2015,enrichment
MTATAQAGRHPVALVAGASSGIGAAVARRLAARGSAVALVGRREPELKEVAESIRAAGGTALSLALDLAGPGAPAEAVAATAAGLGPVGLLVCSAGAIRLAAVHETEERHWERQLRVNLTVPFLLAREVLPGMRERGFGWVVNIGSGVGSEVVPGSGGYGVSKHTVHRLTELIHEENRDLGIRAVTVAPGWVSTRLAARPADLGVPEEEVLDAEDIADTVAWLLDRPARMSVGPLVRVEPSASRAAAGDAMTRHLTRSRAEGAGPDAEETR,S243T,,0.7891752624222146,Q59976_STRSQ_Romero_2015,enrichment
MTATAQAGRHPVALVAGASSGIGAAVARRLAARGSAVALVGRREPELKEVAESIRAAGGTALSLALDLAGPGAPAEAVAATAAGLGPVGLLVCSAGAIRLAAVHETEERHWERQLRVNLTVPFLLAREVLPGMRERGFGWVVNIGSGVGSEVVPGSGGYGVSKHTVHRLTELIHEENRDLGIRAVTVAPGWVSTRLAARPADLGVPEEEVLDAEDIADTVAWLLDRPARMSVGPLVRVEPSASRAAAGDAMTRHLTRSRAEGAGPDAEETR,S63G,,-1.0077688379871677,Q59976_STRSQ_Romero_2015,enrichment
MTATAQAGRHPVALVAGASSGIGAAVARRLAARGSAVALVGRREPELKEVAESIRAAGGTALSLALDLAGPGAPAEAVAATAAGLGPVGLLVCSAGAIRLAAVHETEERHWERQLRVNLTVPFLLAREVLPGMRERGFGWVVNIGSGVGSEVVPGSGGYGVSKHTVHRLTELIHEENRDLGIRAVTVAPGWVSTRLAARPADLGVPEEEVLDAEDIADTVAWLLDRPARMSVGPLVRVEPSASRAAAGDAMTRHLTRSRAEGAGPDAEETR,G190S,,-1.311268000898886,Q59976_STRSQ_Romero_2015,enrichment
MTATAQAGRHPVALVAGASSGIGAAVARRLAARGSAVALVGRREPELKEVAESIRAAGGTALSLALDLAGPGAPAEAVAATAAGLGPVGLLVCSAGAIRLAAVHETEERHWERQLRVNLTVPFLLAREVLPGMRERGFGWVVNIGSGVGSEVVPGSGGYGVSKHTVHRLTELIHEENRDLGIRAVTVAPGWVSTRLAARPADLGVPEEEVLDAEDIADTVAWLLDRPARMSVGPLVRVEPSASRAAAGDAMTRHLTRSRAEGAGPDAEETR,Q6R,,1.0067784358306167,Q59976_STRSQ_Romero_2015,enrichment
MTATAQAGRHPVALVAGASSGIGAAVARRLAARGSAVALVGRREPELKEVAESIRAAGGTALSLALDLAGPGAPAEAVAATAAGLGPVGLLVCSAGAIRLAAVHETEERHWERQLRVNLTVPFLLAREVLPGMRERGFGWVVNIGSGVGSEVVPGSGGYGVSKHTVHRLTELIHEENRDLGIRAVTVAPGWVSTRLAARPADLGVPEEEVLDAEDIADTVAWLLDRPARMSVGPLVRVEPSASRAAAGDAMTRHLTRSRAEGAGPDAEETR,A27E,,-1.1726891378335351,Q59976_STRSQ_Romero_2015,enrichment
MTATAQAGRHPVALVAGASSGIGAAVARRLAARGSAVALVGRREPELKEVAESIRAAGGTALSLALDLAGPGAPAEAVAATAAGLGPVGLLVCSAGAIRLAAVHETEERHWERQLRVNLTVPFLLAREVLPGMRERGFGWVVNIGSGVGSEVVPGSGGYGVSKHTVHRLTELIHEENRDLGIRAVTVAPGWVSTRLAARPADLGVPEEEVLDAEDIADTVAWLLDRPARMSVGPLVRVEPSASRAAAGDAMTRHLTRSRAEGAGPDAEETR,I22F,,-2.380959390180188,Q59976_STRSQ_Romero_2015,enrichment
MTATAQAGRHPVALVAGASSGIGAAVARRLAARGSAVALVGRREPELKEVAESIRAAGGTALSLALDLAGPGAPAEAVAATAAGLGPVGLLVCSAGAIRLAAVHETEERHWERQLRVNLTVPFLLAREVLPGMRERGFGWVVNIGSGVGSEVVPGSGGYGVSKHTVHRLTELIHEENRDLGIRAVTVAPGWVSTRLAARPADLGVPEEEVLDAEDIADTVAWLLDRPARMSVGPLVRVEPSASRAAAGDAMTRHLTRSRAEGAGPDAEETR,L211P,,-2.4336422637422226,Q59976_STRSQ_Romero_2015,enrichment
MTATAQAGRHPVALVAGASSGIGAAVARRLAARGSAVALVGRREPELKEVAESIRAAGGTALSLALDLAGPGAPAEAVAATAAGLGPVGLLVCSAGAIRLAAVHETEERHWERQLRVNLTVPFLLAREVLPGMRERGFGWVVNIGSGVGSEVVPGSGGYGVSKHTVHRLTELIHEENRDLGIRAVTVAPGWVSTRLAARPADLGVPEEEVLDAEDIADTVAWLLDRPARMSVGPLVRVEPSASRAAAGDAMTRHLTRSRAEGAGPDAEETR,G139E,,0.6391436007564217,Q59976_STRSQ_Romero_2015,enrichment
MTATAQAGRHPVALVAGASSGIGAAVARRLAARGSAVALVGRREPELKEVAESIRAAGGTALSLALDLAGPGAPAEAVAATAAGLGPVGLLVCSAGAIRLAAVHETEERHWERQLRVNLTVPFLLAREVLPGMRERGFGWVVNIGSGVGSEVVPGSGGYGVSKHTVHRLTELIHEENRDLGIRAVTVAPGWVSTRLAARPADLGVPEEEVLDAEDIADTVAWLLDRPARMSVGPLVRVEPSASRAAAGDAMTRHLTRSRAEGAGPDAEETR,A38P,,-0.25875580951824717,Q59976_STRSQ_Romero_2015,enrichment
MTATAQAGRHPVALVAGASSGIGAAVARRLAARGSAVALVGRREPELKEVAESIRAAGGTALSLALDLAGPGAPAEAVAATAAGLGPVGLLVCSAGAIRLAAVHETEERHWERQLRVNLTVPFLLAREVLPGMRERGFGWVVNIGSGVGSEVVPGSGGYGVSKHTVHRLTELIHEENRDLGIRAVTVAPGWVSTRLAARPADLGVPEEEVLDAEDIADTVAWLLDRPARMSVGPLVRVEPSASRAAAGDAMTRHLTRSRAEGAGPDAEETR,A82E,,1.0228123538712357,Q59976_STRSQ_Romero_2015,enrichment
MTATAQAGRHPVALVAGASSGIGAAVARRLAARGSAVALVGRREPELKEVAESIRAAGGTALSLALDLAGPGAPAEAVAATAAGLGPVGLLVCSAGAIRLAAVHETEERHWERQLRVNLTVPFLLAREVLPGMRERGFGWVVNIGSGVGSEVVPGSGGYGVSKHTVHRLTELIHEENRDLGIRAVTVAPGWVSTRLAARPADLGVPEEEVLDAEDIADTVAWLLDRPARMSVGPLVRVEPSASRAAAGDAMTRHLTRSRAEGAGPDAEETR,I182S,,0.8510203748646026,Q59976_STRSQ_Romero_2015,enrichment
MTATAQAGRHPVALVAGASSGIGAAVARRLAARGSAVALVGRREPELKEVAESIRAAGGTALSLALDLAGPGAPAEAVAATAAGLGPVGLLVCSAGAIRLAAVHETEERHWERQLRVNLTVPFLLAREVLPGMRERGFGWVVNIGSGVGSEVVPGSGGYGVSKHTVHRLTELIHEENRDLGIRAVTVAPGWVSTRLAARPADLGVPEEEVLDAEDIADTVAWLLDRPARMSVGPLVRVEPSASRAAAGDAMTRHLTRSRAEGAGPDAEETR,A247A,,0.9873086782098648,Q59976_STRSQ_Romero_2015,enrichment
MTATAQAGRHPVALVAGASSGIGAAVARRLAARGSAVALVGRREPELKEVAESIRAAGGTALSLALDLAGPGAPAEAVAATAAGLGPVGLLVCSAGAIRLAAVHETEERHWERQLRVNLTVPFLLAREVLPGMRERGFGWVVNIGSGVGSEVVPGSGGYGVSKHTVHRLTELIHEENRDLGIRAVTVAPGWVSTRLAARPADLGVPEEEVLDAEDIADTVAWLLDRPARMSVGPLVRVEPSASRAAAGDAMTRHLTRSRAEGAGPDAEETR,A36T,,-1.3502075161403897,Q59976_STRSQ_Romero_2015,enrichment
MTATAQAGRHPVALVAGASSGIGAAVARRLAARGSAVALVGRREPELKEVAESIRAAGGTALSLALDLAGPGAPAEAVAATAAGLGPVGLLVCSAGAIRLAAVHETEERHWERQLRVNLTVPFLLAREVLPGMRERGFGWVVNIGSGVGSEVVPGSGGYGVSKHTVHRLTELIHEENRDLGIRAVTVAPGWVSTRLAARPADLGVPEEEVLDAEDIADTVAWLLDRPARMSVGPLVRVEPSASRAAAGDAMTRHLTRSRAEGAGPDAEETR,A228E,,0.034435834653073295,Q59976_STRSQ_Romero_2015,enrichment
MTATAQAGRHPVALVAGASSGIGAAVARRLAARGSAVALVGRREPELKEVAESIRAAGGTALSLALDLAGPGAPAEAVAATAAGLGPVGLLVCSAGAIRLAAVHETEERHWERQLRVNLTVPFLLAREVLPGMRERGFGWVVNIGSGVGSEVVPGSGGYGVSKHTVHRLTELIHEENRDLGIRAVTVAPGWVSTRLAARPADLGVPEEEVLDAEDIADTVAWLLDRPARMSVGPLVRVEPSASRAAAGDAMTRHLTRSRAEGAGPDAEETR,R253C,,-0.7546619889173948,Q59976_STRSQ_Romero_2015,enrichment
MTATAQAGRHPVALVAGASSGIGAAVARRLAARGSAVALVGRREPELKEVAESIRAAGGTALSLALDLAGPGAPAEAVAATAAGLGPVGLLVCSAGAIRLAAVHETEERHWERQLRVNLTVPFLLAREVLPGMRERGFGWVVNIGSGVGSEVVPGSGGYGVSKHTVHRLTELIHEENRDLGIRAVTVAPGWVSTRLAARPADLGVPEEEVLDAEDIADTVAWLLDRPARMSVGPLVRVEPSASRAAAGDAMTRHLTRSRAEGAGPDAEETR,L125I,,0.9609672414288477,Q59976_STRSQ_Romero_2015,enrichment
MTATAQAGRHPVALVAGASSGIGAAVARRLAARGSAVALVGRREPELKEVAESIRAAGGTALSLALDLAGPGAPAEAVAATAAGLGPVGLLVCSAGAIRLAAVHETEERHWERQLRVNLTVPFLLAREVLPGMRERGFGWVVNIGSGVGSEVVPGSGGYGVSKHTVHRLTELIHEENRDLGIRAVTVAPGWVSTRLAARPADLGVPEEEVLDAEDIADTVAWLLDRPARMSVGPLVRVEPSASRAAAGDAMTRHLTRSRAEGAGPDAEETR,G21A,,1.1797156946972938,Q59976_STRSQ_Romero_2015,enrichment
MTATAQAGRHPVALVAGASSGIGAAVARRLAARGSAVALVGRREPELKEVAESIRAAGGTALSLALDLAGPGAPAEAVAATAAGLGPVGLLVCSAGAIRLAAVHETEERHWERQLRVNLTVPFLLAREVLPGMRERGFGWVVNIGSGVGSEVVPGSGGYGVSKHTVHRLTELIHEENRDLGIRAVTVAPGWVSTRLAARPADLGVPEEEVLDAEDIADTVAWLLDRPARMSVGPLVRVEPSASRAAAGDAMTRHLTRSRAEGAGPDAEETR,R253H,,-0.9779915616260179,Q59976_STRSQ_Romero_2015,enrichment
MTATAQAGRHPVALVAGASSGIGAAVARRLAARGSAVALVGRREPELKEVAESIRAAGGTALSLALDLAGPGAPAEAVAATAAGLGPVGLLVCSAGAIRLAAVHETEERHWERQLRVNLTVPFLLAREVLPGMRERGFGWVVNIGSGVGSEVVPGSGGYGVSKHTVHRLTELIHEENRDLGIRAVTVAPGWVSTRLAARPADLGVPEEEVLDAEDIADTVAWLLDRPARMSVGPLVRVEPSASRAAAGDAMTRHLTRSRAEGAGPDAEETR,E135D,,-1.425795986903308,Q59976_STRSQ_Romero_2015,enrichment
MTATAQAGRHPVALVAGASSGIGAAVARRLAARGSAVALVGRREPELKEVAESIRAAGGTALSLALDLAGPGAPAEAVAATAAGLGPVGLLVCSAGAIRLAAVHETEERHWERQLRVNLTVPFLLAREVLPGMRERGFGWVVNIGSGVGSEVVPGSGGYGVSKHTVHRLTELIHEENRDLGIRAVTVAPGWVSTRLAARPADLGVPEEEVLDAEDIADTVAWLLDRPARMSVGPLVRVEPSASRAAAGDAMTRHLTRSRAEGAGPDAEETR,L224Q,,-0.2381407720374512,Q59976_STRSQ_Romero_2015,enrichment
MTATAQAGRHPVALVAGASSGIGAAVARRLAARGSAVALVGRREPELKEVAESIRAAGGTALSLALDLAGPGAPAEAVAATAAGLGPVGLLVCSAGAIRLAAVHETEERHWERQLRVNLTVPFLLAREVLPGMRERGFGWVVNIGSGVGSEVVPGSGGYGVSKHTVHRLTELIHEENRDLGIRAVTVAPGWVSTRLAARPADLGVPEEEVLDAEDIADTVAWLLDRPARMSVGPLVRVEPSASRAAAGDAMTRHLTRSRAEGAGPDAEETR,M1M,,0.9861633983498206,Q59976_STRSQ_Romero_2015,enrichment
MTATAQAGRHPVALVAGASSGIGAAVARRLAARGSAVALVGRREPELKEVAESIRAAGGTALSLALDLAGPGAPAEAVAATAAGLGPVGLLVCSAGAIRLAAVHETEERHWERQLRVNLTVPFLLAREVLPGMRERGFGWVVNIGSGVGSEVVPGSGGYGVSKHTVHRLTELIHEENRDLGIRAVTVAPGWVSTRLAARPADLGVPEEEVLDAEDIADTVAWLLDRPARMSVGPLVRVEPSASRAAAGDAMTRHLTRSRAEGAGPDAEETR,V232D,,-2.6100153621890323,Q59976_STRSQ_Romero_2015,enrichment
MTATAQAGRHPVALVAGASSGIGAAVARRLAARGSAVALVGRREPELKEVAESIRAAGGTALSLALDLAGPGAPAEAVAATAAGLGPVGLLVCSAGAIRLAAVHETEERHWERQLRVNLTVPFLLAREVLPGMRERGFGWVVNIGSGVGSEVVPGSGGYGVSKHTVHRLTELIHEENRDLGIRAVTVAPGWVSTRLAARPADLGVPEEEVLDAEDIADTVAWLLDRPARMSVGPLVRVEPSASRAAAGDAMTRHLTRSRAEGAGPDAEETR,G84C,,0.8063544603228779,Q59976_STRSQ_Romero_2015,enrichment
MTATAQAGRHPVALVAGASSGIGAAVARRLAARGSAVALVGRREPELKEVAESIRAAGGTALSLALDLAGPGAPAEAVAATAAGLGPVGLLVCSAGAIRLAAVHETEERHWERQLRVNLTVPFLLAREVLPGMRERGFGWVVNIGSGVGSEVVPGSGGYGVSKHTVHRLTELIHEENRDLGIRAVTVAPGWVSTRLAARPADLGVPEEEVLDAEDIADTVAWLLDRPARMSVGPLVRVEPSASRAAAGDAMTRHLTRSRAEGAGPDAEETR,L223R,,0.9644030810089804,Q59976_STRSQ_Romero_2015,enrichment
MTATAQAGRHPVALVAGASSGIGAAVARRLAARGSAVALVGRREPELKEVAESIRAAGGTALSLALDLAGPGAPAEAVAATAAGLGPVGLLVCSAGAIRLAAVHETEERHWERQLRVNLTVPFLLAREVLPGMRERGFGWVVNIGSGVGSEVVPGSGGYGVSKHTVHRLTELIHEENRDLGIRAVTVAPGWVSTRLAARPADLGVPEEEVLDAEDIADTVAWLLDRPARMSVGPLVRVEPSASRAAAGDAMTRHLTRSRAEGAGPDAEETR,L211L,,0.9930350775100859,Q59976_STRSQ_Romero_2015,enrichment
MTATAQAGRHPVALVAGASSGIGAAVARRLAARGSAVALVGRREPELKEVAESIRAAGGTALSLALDLAGPGAPAEAVAATAAGLGPVGLLVCSAGAIRLAAVHETEERHWERQLRVNLTVPFLLAREVLPGMRERGFGWVVNIGSGVGSEVVPGSGGYGVSKHTVHRLTELIHEENRDLGIRAVTVAPGWVSTRLAARPADLGVPEEEVLDAEDIADTVAWLLDRPARMSVGPLVRVEPSASRAAAGDAMTRHLTRSRAEGAGPDAEETR,G84R,,0.9449333233882287,Q59976_STRSQ_Romero_2015,enrichment
MTATAQAGRHPVALVAGASSGIGAAVARRLAARGSAVALVGRREPELKEVAESIRAAGGTALSLALDLAGPGAPAEAVAATAAGLGPVGLLVCSAGAIRLAAVHETEERHWERQLRVNLTVPFLLAREVLPGMRERGFGWVVNIGSGVGSEVVPGSGGYGVSKHTVHRLTELIHEENRDLGIRAVTVAPGWVSTRLAARPADLGVPEEEVLDAEDIADTVAWLLDRPARMSVGPLVRVEPSASRAAAGDAMTRHLTRSRAEGAGPDAEETR,A27G,,1.190023213437692,Q59976_STRSQ_Romero_2015,enrichment
MTATAQAGRHPVALVAGASSGIGAAVARRLAARGSAVALVGRREPELKEVAESIRAAGGTALSLALDLAGPGAPAEAVAATAAGLGPVGLLVCSAGAIRLAAVHETEERHWERQLRVNLTVPFLLAREVLPGMRERGFGWVVNIGSGVGSEVVPGSGGYGVSKHTVHRLTELIHEENRDLGIRAVTVAPGWVSTRLAARPADLGVPEEEVLDAEDIADTVAWLLDRPARMSVGPLVRVEPSASRAAAGDAMTRHLTRSRAEGAGPDAEETR,G41D,,0.5223250550319112,Q59976_STRSQ_Romero_2015,enrichment
MTATAQAGRHPVALVAGASSGIGAAVARRLAARGSAVALVGRREPELKEVAESIRAAGGTALSLALDLAGPGAPAEAVAATAAGLGPVGLLVCSAGAIRLAAVHETEERHWERQLRVNLTVPFLLAREVLPGMRERGFGWVVNIGSGVGSEVVPGSGGYGVSKHTVHRLTELIHEENRDLGIRAVTVAPGWVSTRLAARPADLGVPEEEVLDAEDIADTVAWLLDRPARMSVGPLVRVEPSASRAAAGDAMTRHLTRSRAEGAGPDAEETR,G145A,,-0.6103567265518228,Q59976_STRSQ_Romero_2015,enrichment
MTATAQAGRHPVALVAGASSGIGAAVARRLAARGSAVALVGRREPELKEVAESIRAAGGTALSLALDLAGPGAPAEAVAATAAGLGPVGLLVCSAGAIRLAAVHETEERHWERQLRVNLTVPFLLAREVLPGMRERGFGWVVNIGSGVGSEVVPGSGGYGVSKHTVHRLTELIHEENRDLGIRAVTVAPGWVSTRLAARPADLGVPEEEVLDAEDIADTVAWLLDRPARMSVGPLVRVEPSASRAAAGDAMTRHLTRSRAEGAGPDAEETR,A201D,,0.8968315692663714,Q59976_STRSQ_Romero_2015,enrichment
MTATAQAGRHPVALVAGASSGIGAAVARRLAARGSAVALVGRREPELKEVAESIRAAGGTALSLALDLAGPGAPAEAVAATAAGLGPVGLLVCSAGAIRLAAVHETEERHWERQLRVNLTVPFLLAREVLPGMRERGFGWVVNIGSGVGSEVVPGSGGYGVSKHTVHRLTELIHEENRDLGIRAVTVAPGWVSTRLAARPADLGVPEEEVLDAEDIADTVAWLLDRPARMSVGPLVRVEPSASRAAAGDAMTRHLTRSRAEGAGPDAEETR,N177K,,-0.9104200498834086,Q59976_STRSQ_Romero_2015,enrichment
MTATAQAGRHPVALVAGASSGIGAAVARRLAARGSAVALVGRREPELKEVAESIRAAGGTALSLALDLAGPGAPAEAVAATAAGLGPVGLLVCSAGAIRLAAVHETEERHWERQLRVNLTVPFLLAREVLPGMRERGFGWVVNIGSGVGSEVVPGSGGYGVSKHTVHRLTELIHEENRDLGIRAVTVAPGWVSTRLAARPADLGVPEEEVLDAEDIADTVAWLLDRPARMSVGPLVRVEPSASRAAAGDAMTRHLTRSRAEGAGPDAEETR,L203V,,0.6586133583771736,Q59976_STRSQ_Romero_2015,enrichment
MTATAQAGRHPVALVAGASSGIGAAVARRLAARGSAVALVGRREPELKEVAESIRAAGGTALSLALDLAGPGAPAEAVAATAAGLGPVGLLVCSAGAIRLAAVHETEERHWERQLRVNLTVPFLLAREVLPGMRERGFGWVVNIGSGVGSEVVPGSGGYGVSKHTVHRLTELIHEENRDLGIRAVTVAPGWVSTRLAARPADLGVPEEEVLDAEDIADTVAWLLDRPARMSVGPLVRVEPSASRAAAGDAMTRHLTRSRAEGAGPDAEETR,Q6Q,,0.9873086782098648,Q59976_STRSQ_Romero_2015,enrichment
MTATAQAGRHPVALVAGASSGIGAAVARRLAARGSAVALVGRREPELKEVAESIRAAGGTALSLALDLAGPGAPAEAVAATAAGLGPVGLLVCSAGAIRLAAVHETEERHWERQLRVNLTVPFLLAREVLPGMRERGFGWVVNIGSGVGSEVVPGSGGYGVSKHTVHRLTELIHEENRDLGIRAVTVAPGWVSTRLAARPADLGVPEEEVLDAEDIADTVAWLLDRPARMSVGPLVRVEPSASRAAAGDAMTRHLTRSRAEGAGPDAEETR,H254R,,0.3356444378447033,Q59976_STRSQ_Romero_2015,enrichment
MTATAQAGRHPVALVAGASSGIGAAVARRLAARGSAVALVGRREPELKEVAESIRAAGGTALSLALDLAGPGAPAEAVAATAAGLGPVGLLVCSAGAIRLAAVHETEERHWERQLRVNLTVPFLLAREVLPGMRERGFGWVVNIGSGVGSEVVPGSGGYGVSKHTVHRLTELIHEENRDLGIRAVTVAPGWVSTRLAARPADLGVPEEEVLDAEDIADTVAWLLDRPARMSVGPLVRVEPSASRAAAGDAMTRHLTRSRAEGAGPDAEETR,S231I,,-0.9814274012061507,Q59976_STRSQ_Romero_2015,enrichment
MTATAQAGRHPVALVAGASSGIGAAVARRLAARGSAVALVGRREPELKEVAESIRAAGGTALSLALDLAGPGAPAEAVAATAAGLGPVGLLVCSAGAIRLAAVHETEERHWERQLRVNLTVPFLLAREVLPGMRERGFGWVVNIGSGVGSEVVPGSGGYGVSKHTVHRLTELIHEENRDLGIRAVTVAPGWVSTRLAARPADLGVPEEEVLDAEDIADTVAWLLDRPARMSVGPLVRVEPSASRAAAGDAMTRHLTRSRAEGAGPDAEETR,G21G,,0.9873086782098648,Q59976_STRSQ_Romero_2015,enrichment
MTATAQAGRHPVALVAGASSGIGAAVARRLAARGSAVALVGRREPELKEVAESIRAAGGTALSLALDLAGPGAPAEAVAATAAGLGPVGLLVCSAGAIRLAAVHETEERHWERQLRVNLTVPFLLAREVLPGMRERGFGWVVNIGSGVGSEVVPGSGGYGVSKHTVHRLTELIHEENRDLGIRAVTVAPGWVSTRLAARPADLGVPEEEVLDAEDIADTVAWLLDRPARMSVGPLVRVEPSASRAAAGDAMTRHLTRSRAEGAGPDAEETR,G204R,,0.5051458571312479,Q59976_STRSQ_Romero_2015,enrichment
MTATAQAGRHPVALVAGASSGIGAAVARRLAARGSAVALVGRREPELKEVAESIRAAGGTALSLALDLAGPGAPAEAVAATAAGLGPVGLLVCSAGAIRLAAVHETEERHWERQLRVNLTVPFLLAREVLPGMRERGFGWVVNIGSGVGSEVVPGSGGYGVSKHTVHRLTELIHEENRDLGIRAVTVAPGWVSTRLAARPADLGVPEEEVLDAEDIADTVAWLLDRPARMSVGPLVRVEPSASRAAAGDAMTRHLTRSRAEGAGPDAEETR,A5V,,0.4810949800703193,Q59976_STRSQ_Romero_2015,enrichment
MTATAQAGRHPVALVAGASSGIGAAVARRLAARGSAVALVGRREPELKEVAESIRAAGGTALSLALDLAGPGAPAEAVAATAAGLGPVGLLVCSAGAIRLAAVHETEERHWERQLRVNLTVPFLLAREVLPGMRERGFGWVVNIGSGVGSEVVPGSGGYGVSKHTVHRLTELIHEENRDLGIRAVTVAPGWVSTRLAARPADLGVPEEEVLDAEDIADTVAWLLDRPARMSVGPLVRVEPSASRAAAGDAMTRHLTRSRAEGAGPDAEETR,G96R,,-1.4624449424247232,Q59976_STRSQ_Romero_2015,enrichment
MTATAQAGRHPVALVAGASSGIGAAVARRLAARGSAVALVGRREPELKEVAESIRAAGGTALSLALDLAGPGAPAEAVAATAAGLGPVGLLVCSAGAIRLAAVHETEERHWERQLRVNLTVPFLLAREVLPGMRERGFGWVVNIGSGVGSEVVPGSGGYGVSKHTVHRLTELIHEENRDLGIRAVTVAPGWVSTRLAARPADLGVPEEEVLDAEDIADTVAWLLDRPARMSVGPLVRVEPSASRAAAGDAMTRHLTRSRAEGAGPDAEETR,A27S,,0.7834488631219936,Q59976_STRSQ_Romero_2015,enrichment
MTATAQAGRHPVALVAGASSGIGAAVARRLAARGSAVALVGRREPELKEVAESIRAAGGTALSLALDLAGPGAPAEAVAATAAGLGPVGLLVCSAGAIRLAAVHETEERHWERQLRVNLTVPFLLAREVLPGMRERGFGWVVNIGSGVGSEVVPGSGGYGVSKHTVHRLTELIHEENRDLGIRAVTVAPGWVSTRLAARPADLGVPEEEVLDAEDIADTVAWLLDRPARMSVGPLVRVEPSASRAAAGDAMTRHLTRSRAEGAGPDAEETR,N177H,,-0.44200058712532264,Q59976_STRSQ_Romero_2015,enrichment
MTATAQAGRHPVALVAGASSGIGAAVARRLAARGSAVALVGRREPELKEVAESIRAAGGTALSLALDLAGPGAPAEAVAATAAGLGPVGLLVCSAGAIRLAAVHETEERHWERQLRVNLTVPFLLAREVLPGMRERGFGWVVNIGSGVGSEVVPGSGGYGVSKHTVHRLTELIHEENRDLGIRAVTVAPGWVSTRLAARPADLGVPEEEVLDAEDIADTVAWLLDRPARMSVGPLVRVEPSASRAAAGDAMTRHLTRSRAEGAGPDAEETR,V161I,,0.6677755972575272,Q59976_STRSQ_Romero_2015,enrichment
MTATAQAGRHPVALVAGASSGIGAAVARRLAARGSAVALVGRREPELKEVAESIRAAGGTALSLALDLAGPGAPAEAVAATAAGLGPVGLLVCSAGAIRLAAVHETEERHWERQLRVNLTVPFLLAREVLPGMRERGFGWVVNIGSGVGSEVVPGSGGYGVSKHTVHRLTELIHEENRDLGIRAVTVAPGWVSTRLAARPADLGVPEEEVLDAEDIADTVAWLLDRPARMSVGPLVRVEPSASRAAAGDAMTRHLTRSRAEGAGPDAEETR,V185L,,0.24745788862129828,Q59976_STRSQ_Romero_2015,enrichment
MTATAQAGRHPVALVAGASSGIGAAVARRLAARGSAVALVGRREPELKEVAESIRAAGGTALSLALDLAGPGAPAEAVAATAAGLGPVGLLVCSAGAIRLAAVHETEERHWERQLRVNLTVPFLLAREVLPGMRERGFGWVVNIGSGVGSEVVPGSGGYGVSKHTVHRLTELIHEENRDLGIRAVTVAPGWVSTRLAARPADLGVPEEEVLDAEDIADTVAWLLDRPARMSVGPLVRVEPSASRAAAGDAMTRHLTRSRAEGAGPDAEETR,T219A,,0.9701294803092015,Q59976_STRSQ_Romero_2015,enrichment
MTATAQAGRHPVALVAGASSGIGAAVARRLAARGSAVALVGRREPELKEVAESIRAAGGTALSLALDLAGPGAPAEAVAATAAGLGPVGLLVCSAGAIRLAAVHETEERHWERQLRVNLTVPFLLAREVLPGMRERGFGWVVNIGSGVGSEVVPGSGGYGVSKHTVHRLTELIHEENRDLGIRAVTVAPGWVSTRLAARPADLGVPEEEVLDAEDIADTVAWLLDRPARMSVGPLVRVEPSASRAAAGDAMTRHLTRSRAEGAGPDAEETR,V129A,,0.7777224638217723,Q59976_STRSQ_Romero_2015,enrichment
MTATAQAGRHPVALVAGASSGIGAAVARRLAARGSAVALVGRREPELKEVAESIRAAGGTALSLALDLAGPGAPAEAVAATAAGLGPVGLLVCSAGAIRLAAVHETEERHWERQLRVNLTVPFLLAREVLPGMRERGFGWVVNIGSGVGSEVVPGSGGYGVSKHTVHRLTELIHEENRDLGIRAVTVAPGWVSTRLAARPADLGVPEEEVLDAEDIADTVAWLLDRPARMSVGPLVRVEPSASRAAAGDAMTRHLTRSRAEGAGPDAEETR,G41G,,0.9873086782098648,Q59976_STRSQ_Romero_2015,enrichment
MTATAQAGRHPVALVAGASSGIGAAVARRLAARGSAVALVGRREPELKEVAESIRAAGGTALSLALDLAGPGAPAEAVAATAAGLGPVGLLVCSAGAIRLAAVHETEERHWERQLRVNLTVPFLLAREVLPGMRERGFGWVVNIGSGVGSEVVPGSGGYGVSKHTVHRLTELIHEENRDLGIRAVTVAPGWVSTRLAARPADLGVPEEEVLDAEDIADTVAWLLDRPARMSVGPLVRVEPSASRAAAGDAMTRHLTRSRAEGAGPDAEETR,P122A,,0.5715720890138127,Q59976_STRSQ_Romero_2015,enrichment
MTATAQAGRHPVALVAGASSGIGAAVARRLAARGSAVALVGRREPELKEVAESIRAAGGTALSLALDLAGPGAPAEAVAATAAGLGPVGLLVCSAGAIRLAAVHETEERHWERQLRVNLTVPFLLAREVLPGMRERGFGWVVNIGSGVGSEVVPGSGGYGVSKHTVHRLTELIHEENRDLGIRAVTVAPGWVSTRLAARPADLGVPEEEVLDAEDIADTVAWLLDRPARMSVGPLVRVEPSASRAAAGDAMTRHLTRSRAEGAGPDAEETR,E108K,,0.4238309870681083,Q59976_STRSQ_Romero_2015,enrichment
MTATAQAGRHPVALVAGASSGIGAAVARRLAARGSAVALVGRREPELKEVAESIRAAGGTALSLALDLAGPGAPAEAVAATAAGLGPVGLLVCSAGAIRLAAVHETEERHWERQLRVNLTVPFLLAREVLPGMRERGFGWVVNIGSGVGSEVVPGSGGYGVSKHTVHRLTELIHEENRDLGIRAVTVAPGWVSTRLAARPADLGVPEEEVLDAEDIADTVAWLLDRPARMSVGPLVRVEPSASRAAAGDAMTRHLTRSRAEGAGPDAEETR,R253R,,0.9907445177899975,Q59976_STRSQ_Romero_2015,enrichment
MTATAQAGRHPVALVAGASSGIGAAVARRLAARGSAVALVGRREPELKEVAESIRAAGGTALSLALDLAGPGAPAEAVAATAAGLGPVGLLVCSAGAIRLAAVHETEERHWERQLRVNLTVPFLLAREVLPGMRERGFGWVVNIGSGVGSEVVPGSGGYGVSKHTVHRLTELIHEENRDLGIRAVTVAPGWVSTRLAARPADLGVPEEEVLDAEDIADTVAWLLDRPARMSVGPLVRVEPSASRAAAGDAMTRHLTRSRAEGAGPDAEETR,A247P,,0.9804369990495995,Q59976_STRSQ_Romero_2015,enrichment
MTATAQAGRHPVALVAGASSGIGAAVARRLAARGSAVALVGRREPELKEVAESIRAAGGTALSLALDLAGPGAPAEAVAATAAGLGPVGLLVCSAGAIRLAAVHETEERHWERQLRVNLTVPFLLAREVLPGMRERGFGWVVNIGSGVGSEVVPGSGGYGVSKHTVHRLTELIHEENRDLGIRAVTVAPGWVSTRLAARPADLGVPEEEVLDAEDIADTVAWLLDRPARMSVGPLVRVEPSASRAAAGDAMTRHLTRSRAEGAGPDAEETR,R43T,,0.6173832834155816,Q59976_STRSQ_Romero_2015,enrichment
MTATAQAGRHPVALVAGASSGIGAAVARRLAARGSAVALVGRREPELKEVAESIRAAGGTALSLALDLAGPGAPAEAVAATAAGLGPVGLLVCSAGAIRLAAVHETEERHWERQLRVNLTVPFLLAREVLPGMRERGFGWVVNIGSGVGSEVVPGSGGYGVSKHTVHRLTELIHEENRDLGIRAVTVAPGWVSTRLAARPADLGVPEEEVLDAEDIADTVAWLLDRPARMSVGPLVRVEPSASRAAAGDAMTRHLTRSRAEGAGPDAEETR,S231R,,-0.7329016715765545,Q59976_STRSQ_Romero_2015,enrichment
MTATAQAGRHPVALVAGASSGIGAAVARRLAARGSAVALVGRREPELKEVAESIRAAGGTALSLALDLAGPGAPAEAVAATAAGLGPVGLLVCSAGAIRLAAVHETEERHWERQLRVNLTVPFLLAREVLPGMRERGFGWVVNIGSGVGSEVVPGSGGYGVSKHTVHRLTELIHEENRDLGIRAVTVAPGWVSTRLAARPADLGVPEEEVLDAEDIADTVAWLLDRPARMSVGPLVRVEPSASRAAAGDAMTRHLTRSRAEGAGPDAEETR,R42R,,0.9930350775100859,Q59976_STRSQ_Romero_2015,enrichment
MTATAQAGRHPVALVAGASSGIGAAVARRLAARGSAVALVGRREPELKEVAESIRAAGGTALSLALDLAGPGAPAEAVAATAAGLGPVGLLVCSAGAIRLAAVHETEERHWERQLRVNLTVPFLLAREVLPGMRERGFGWVVNIGSGVGSEVVPGSGGYGVSKHTVHRLTELIHEENRDLGIRAVTVAPGWVSTRLAARPADLGVPEEEVLDAEDIADTVAWLLDRPARMSVGPLVRVEPSASRAAAGDAMTRHLTRSRAEGAGPDAEETR,A36A,,0.9895992379299533,Q59976_STRSQ_Romero_2015,enrichment
MTATAQAGRHPVALVAGASSGIGAAVARRLAARGSAVALVGRREPELKEVAESIRAAGGTALSLALDLAGPGAPAEAVAATAAGLGPVGLLVCSAGAIRLAAVHETEERHWERQLRVNLTVPFLLAREVLPGMRERGFGWVVNIGSGVGSEVVPGSGGYGVSKHTVHRLTELIHEENRDLGIRAVTVAPGWVSTRLAARPADLGVPEEEVLDAEDIADTVAWLLDRPARMSVGPLVRVEPSASRAAAGDAMTRHLTRSRAEGAGPDAEETR,L203R,,-1.0272385956079193,Q59976_STRSQ_Romero_2015,enrichment
MTATAQAGRHPVALVAGASSGIGAAVARRLAARGSAVALVGRREPELKEVAESIRAAGGTALSLALDLAGPGAPAEAVAATAAGLGPVGLLVCSAGAIRLAAVHETEERHWERQLRVNLTVPFLLAREVLPGMRERGFGWVVNIGSGVGSEVVPGSGGYGVSKHTVHRLTELIHEENRDLGIRAVTVAPGWVSTRLAARPADLGVPEEEVLDAEDIADTVAWLLDRPARMSVGPLVRVEPSASRAAAGDAMTRHLTRSRAEGAGPDAEETR,V152A,,0.287542683722846,Q59976_STRSQ_Romero_2015,enrichment
MTATAQAGRHPVALVAGASSGIGAAVARRLAARGSAVALVGRREPELKEVAESIRAAGGTALSLALDLAGPGAPAEAVAATAAGLGPVGLLVCSAGAIRLAAVHETEERHWERQLRVNLTVPFLLAREVLPGMRERGFGWVVNIGSGVGSEVVPGSGGYGVSKHTVHRLTELIHEENRDLGIRAVTVAPGWVSTRLAARPADLGVPEEEVLDAEDIADTVAWLLDRPARMSVGPLVRVEPSASRAAAGDAMTRHLTRSRAEGAGPDAEETR,A36V,,-0.8623182957615516,Q59976_STRSQ_Romero_2015,enrichment
MTATAQAGRHPVALVAGASSGIGAAVARRLAARGSAVALVGRREPELKEVAESIRAAGGTALSLALDLAGPGAPAEAVAATAAGLGPVGLLVCSAGAIRLAAVHETEERHWERQLRVNLTVPFLLAREVLPGMRERGFGWVVNIGSGVGSEVVPGSGGYGVSKHTVHRLTELIHEENRDLGIRAVTVAPGWVSTRLAARPADLGVPEEEVLDAEDIADTVAWLLDRPARMSVGPLVRVEPSASRAAAGDAMTRHLTRSRAEGAGPDAEETR,R99P,,0.2646370865219616,Q59976_STRSQ_Romero_2015,enrichment
MTATAQAGRHPVALVAGASSGIGAAVARRLAARGSAVALVGRREPELKEVAESIRAAGGTALSLALDLAGPGAPAEAVAATAAGLGPVGLLVCSAGAIRLAAVHETEERHWERQLRVNLTVPFLLAREVLPGMRERGFGWVVNIGSGVGSEVVPGSGGYGVSKHTVHRLTELIHEENRDLGIRAVTVAPGWVSTRLAARPADLGVPEEEVLDAEDIADTVAWLLDRPARMSVGPLVRVEPSASRAAAGDAMTRHLTRSRAEGAGPDAEETR,V232L,,0.009239677732100417,Q59976_STRSQ_Romero_2015,enrichment
MTATAQAGRHPVALVAGASSGIGAAVARRLAARGSAVALVGRREPELKEVAESIRAAGGTALSLALDLAGPGAPAEAVAATAAGLGPVGLLVCSAGAIRLAAVHETEERHWERQLRVNLTVPFLLAREVLPGMRERGFGWVVNIGSGVGSEVVPGSGGYGVSKHTVHRLTELIHEENRDLGIRAVTVAPGWVSTRLAARPADLGVPEEEVLDAEDIADTVAWLLDRPARMSVGPLVRVEPSASRAAAGDAMTRHLTRSRAEGAGPDAEETR,V148E,,0.6208191229957142,Q59976_STRSQ_Romero_2015,enrichment
MTATAQAGRHPVALVAGASSGIGAAVARRLAARGSAVALVGRREPELKEVAESIRAAGGTALSLALDLAGPGAPAEAVAATAAGLGPVGLLVCSAGAIRLAAVHETEERHWERQLRVNLTVPFLLAREVLPGMRERGFGWVVNIGSGVGSEVVPGSGGYGVSKHTVHRLTELIHEENRDLGIRAVTVAPGWVSTRLAARPADLGVPEEEVLDAEDIADTVAWLLDRPARMSVGPLVRVEPSASRAAAGDAMTRHLTRSRAEGAGPDAEETR,G21R,,0.453608263429258,Q59976_STRSQ_Romero_2015,enrichment
MTATAQAGRHPVALVAGASSGIGAAVARRLAARGSAVALVGRREPELKEVAESIRAAGGTALSLALDLAGPGAPAEAVAATAAGLGPVGLLVCSAGAIRLAAVHETEERHWERQLRVNLTVPFLLAREVLPGMRERGFGWVVNIGSGVGSEVVPGSGGYGVSKHTVHRLTELIHEENRDLGIRAVTVAPGWVSTRLAARPADLGVPEEEVLDAEDIADTVAWLLDRPARMSVGPLVRVEPSASRAAAGDAMTRHLTRSRAEGAGPDAEETR,A228P,,0.21309949281997162,Q59976_STRSQ_Romero_2015,enrichment
MTATAQAGRHPVALVAGASSGIGAAVARRLAARGSAVALVGRREPELKEVAESIRAAGGTALSLALDLAGPGAPAEAVAATAAGLGPVGLLVCSAGAIRLAAVHETEERHWERQLRVNLTVPFLLAREVLPGMRERGFGWVVNIGSGVGSEVVPGSGGYGVSKHTVHRLTELIHEENRDLGIRAVTVAPGWVSTRLAARPADLGVPEEEVLDAEDIADTVAWLLDRPARMSVGPLVRVEPSASRAAAGDAMTRHLTRSRAEGAGPDAEETR,L224L,,0.9930350775100859,Q59976_STRSQ_Romero_2015,enrichment
MTATAQAGRHPVALVAGASSGIGAAVARRLAARGSAVALVGRREPELKEVAESIRAAGGTALSLALDLAGPGAPAEAVAATAAGLGPVGLLVCSAGAIRLAAVHETEERHWERQLRVNLTVPFLLAREVLPGMRERGFGWVVNIGSGVGSEVVPGSGGYGVSKHTVHRLTELIHEENRDLGIRAVTVAPGWVSTRLAARPADLGVPEEEVLDAEDIADTVAWLLDRPARMSVGPLVRVEPSASRAAAGDAMTRHLTRSRAEGAGPDAEETR,R55G,,0.5234703348919554,Q59976_STRSQ_Romero_2015,enrichment
MTATAQAGRHPVALVAGASSGIGAAVARRLAARGSAVALVGRREPELKEVAESIRAAGGTALSLALDLAGPGAPAEAVAATAAGLGPVGLLVCSAGAIRLAAVHETEERHWERQLRVNLTVPFLLAREVLPGMRERGFGWVVNIGSGVGSEVVPGSGGYGVSKHTVHRLTELIHEENRDLGIRAVTVAPGWVSTRLAARPADLGVPEEEVLDAEDIADTVAWLLDRPARMSVGPLVRVEPSASRAAAGDAMTRHLTRSRAEGAGPDAEETR,S35G,,-1.95262472252365,Q59976_STRSQ_Romero_2015,enrichment
MTATAQAGRHPVALVAGASSGIGAAVARRLAARGSAVALVGRREPELKEVAESIRAAGGTALSLALDLAGPGAPAEAVAATAAGLGPVGLLVCSAGAIRLAAVHETEERHWERQLRVNLTVPFLLAREVLPGMRERGFGWVVNIGSGVGSEVVPGSGGYGVSKHTVHRLTELIHEENRDLGIRAVTVAPGWVSTRLAARPADLGVPEEEVLDAEDIADTVAWLLDRPARMSVGPLVRVEPSASRAAAGDAMTRHLTRSRAEGAGPDAEETR,V220L,,1.3549435132840595,Q59976_STRSQ_Romero_2015,enrichment
MTATAQAGRHPVALVAGASSGIGAAVARRLAARGSAVALVGRREPELKEVAESIRAAGGTALSLALDLAGPGAPAEAVAATAAGLGPVGLLVCSAGAIRLAAVHETEERHWERQLRVNLTVPFLLAREVLPGMRERGFGWVVNIGSGVGSEVVPGSGGYGVSKHTVHRLTELIHEENRDLGIRAVTVAPGWVSTRLAARPADLGVPEEEVLDAEDIADTVAWLLDRPARMSVGPLVRVEPSASRAAAGDAMTRHLTRSRAEGAGPDAEETR,A201V,,0.313884120503863,Q59976_STRSQ_Romero_2015,enrichment
MTATAQAGRHPVALVAGASSGIGAAVARRLAARGSAVALVGRREPELKEVAESIRAAGGTALSLALDLAGPGAPAEAVAATAAGLGPVGLLVCSAGAIRLAAVHETEERHWERQLRVNLTVPFLLAREVLPGMRERGFGWVVNIGSGVGSEVVPGSGGYGVSKHTVHRLTELIHEENRDLGIRAVTVAPGWVSTRLAARPADLGVPEEEVLDAEDIADTVAWLLDRPARMSVGPLVRVEPSASRAAAGDAMTRHLTRSRAEGAGPDAEETR,Q6K,,0.03901695409325005,Q59976_STRSQ_Romero_2015,enrichment
MTATAQAGRHPVALVAGASSGIGAAVARRLAARGSAVALVGRREPELKEVAESIRAAGGTALSLALDLAGPGAPAEAVAATAAGLGPVGLLVCSAGAIRLAAVHETEERHWERQLRVNLTVPFLLAREVLPGMRERGFGWVVNIGSGVGSEVVPGSGGYGVSKHTVHRLTELIHEENRDLGIRAVTVAPGWVSTRLAARPADLGVPEEEVLDAEDIADTVAWLLDRPARMSVGPLVRVEPSASRAAAGDAMTRHLTRSRAEGAGPDAEETR,V37A,,0.7112962319392077,Q59976_STRSQ_Romero_2015,enrichment
MTATAQAGRHPVALVAGASSGIGAAVARRLAARGSAVALVGRREPELKEVAESIRAAGGTALSLALDLAGPGAPAEAVAATAAGLGPVGLLVCSAGAIRLAAVHETEERHWERQLRVNLTVPFLLAREVLPGMRERGFGWVVNIGSGVGSEVVPGSGGYGVSKHTVHRLTELIHEENRDLGIRAVTVAPGWVSTRLAARPADLGVPEEEVLDAEDIADTVAWLLDRPARMSVGPLVRVEPSASRAAAGDAMTRHLTRSRAEGAGPDAEETR,T81A,,0.40550650930740073,Q59976_STRSQ_Romero_2015,enrichment
MTATAQAGRHPVALVAGASSGIGAAVARRLAARGSAVALVGRREPELKEVAESIRAAGGTALSLALDLAGPGAPAEAVAATAAGLGPVGLLVCSAGAIRLAAVHETEERHWERQLRVNLTVPFLLAREVLPGMRERGFGWVVNIGSGVGSEVVPGSGGYGVSKHTVHRLTELIHEENRDLGIRAVTVAPGWVSTRLAARPADLGVPEEEVLDAEDIADTVAWLLDRPARMSVGPLVRVEPSASRAAAGDAMTRHLTRSRAEGAGPDAEETR,A228G,,0.6105116042553163,Q59976_STRSQ_Romero_2015,enrichment
MTATAQAGRHPVALVAGASSGIGAAVARRLAARGSAVALVGRREPELKEVAESIRAAGGTALSLALDLAGPGAPAEAVAATAAGLGPVGLLVCSAGAIRLAAVHETEERHWERQLRVNLTVPFLLAREVLPGMRERGFGWVVNIGSGVGSEVVPGSGGYGVSKHTVHRLTELIHEENRDLGIRAVTVAPGWVSTRLAARPADLGVPEEEVLDAEDIADTVAWLLDRPARMSVGPLVRVEPSASRAAAGDAMTRHLTRSRAEGAGPDAEETR,V236I,,0.16614301855815866,Q59976_STRSQ_Romero_2015,enrichment
MTATAQAGRHPVALVAGASSGIGAAVARRLAARGSAVALVGRREPELKEVAESIRAAGGTALSLALDLAGPGAPAEAVAATAAGLGPVGLLVCSAGAIRLAAVHETEERHWERQLRVNLTVPFLLAREVLPGMRERGFGWVVNIGSGVGSEVVPGSGGYGVSKHTVHRLTELIHEENRDLGIRAVTVAPGWVSTRLAARPADLGVPEEEVLDAEDIADTVAWLLDRPARMSVGPLVRVEPSASRAAAGDAMTRHLTRSRAEGAGPDAEETR,A201A,,0.988453958069909,Q59976_STRSQ_Romero_2015,enrichment
MTATAQAGRHPVALVAGASSGIGAAVARRLAARGSAVALVGRREPELKEVAESIRAAGGTALSLALDLAGPGAPAEAVAATAAGLGPVGLLVCSAGAIRLAAVHETEERHWERQLRVNLTVPFLLAREVLPGMRERGFGWVVNIGSGVGSEVVPGSGGYGVSKHTVHRLTELIHEENRDLGIRAVTVAPGWVSTRLAARPADLGVPEEEVLDAEDIADTVAWLLDRPARMSVGPLVRVEPSASRAAAGDAMTRHLTRSRAEGAGPDAEETR,G160A,,0.7960469415824799,Q59976_STRSQ_Romero_2015,enrichment
MTATAQAGRHPVALVAGASSGIGAAVARRLAARGSAVALVGRREPELKEVAESIRAAGGTALSLALDLAGPGAPAEAVAATAAGLGPVGLLVCSAGAIRLAAVHETEERHWERQLRVNLTVPFLLAREVLPGMRERGFGWVVNIGSGVGSEVVPGSGGYGVSKHTVHRLTELIHEENRDLGIRAVTVAPGWVSTRLAARPADLGVPEEEVLDAEDIADTVAWLLDRPARMSVGPLVRVEPSASRAAAGDAMTRHLTRSRAEGAGPDAEETR,A36P,,-0.7077055146555818,Q59976_STRSQ_Romero_2015,enrichment
MTATAQAGRHPVALVAGASSGIGAAVARRLAARGSAVALVGRREPELKEVAESIRAAGGTALSLALDLAGPGAPAEAVAATAAGLGPVGLLVCSAGAIRLAAVHETEERHWERQLRVNLTVPFLLAREVLPGMRERGFGWVVNIGSGVGSEVVPGSGGYGVSKHTVHRLTELIHEENRDLGIRAVTVAPGWVSTRLAARPADLGVPEEEVLDAEDIADTVAWLLDRPARMSVGPLVRVEPSASRAAAGDAMTRHLTRSRAEGAGPDAEETR,G145R,,-0.30571228378006016,Q59976_STRSQ_Romero_2015,enrichment
MTATAQAGRHPVALVAGASSGIGAAVARRLAARGSAVALVGRREPELKEVAESIRAAGGTALSLALDLAGPGAPAEAVAATAAGLGPVGLLVCSAGAIRLAAVHETEERHWERQLRVNLTVPFLLAREVLPGMRERGFGWVVNIGSGVGSEVVPGSGGYGVSKHTVHRLTELIHEENRDLGIRAVTVAPGWVSTRLAARPADLGVPEEEVLDAEDIADTVAWLLDRPARMSVGPLVRVEPSASRAAAGDAMTRHLTRSRAEGAGPDAEETR,S193A,,-0.18545789847541702,Q59976_STRSQ_Romero_2015,enrichment
MTATAQAGRHPVALVAGASSGIGAAVARRLAARGSAVALVGRREPELKEVAESIRAAGGTALSLALDLAGPGAPAEAVAATAAGLGPVGLLVCSAGAIRLAAVHETEERHWERQLRVNLTVPFLLAREVLPGMRERGFGWVVNIGSGVGSEVVPGSGGYGVSKHTVHRLTELIHEENRDLGIRAVTVAPGWVSTRLAARPADLGVPEEEVLDAEDIADTVAWLLDRPARMSVGPLVRVEPSASRAAAGDAMTRHLTRSRAEGAGPDAEETR,R253P,,-2.259559725015501,Q59976_STRSQ_Romero_2015,enrichment
MTATAQAGRHPVALVAGASSGIGAAVARRLAARGSAVALVGRREPELKEVAESIRAAGGTALSLALDLAGPGAPAEAVAATAAGLGPVGLLVCSAGAIRLAAVHETEERHWERQLRVNLTVPFLLAREVLPGMRERGFGWVVNIGSGVGSEVVPGSGGYGVSKHTVHRLTELIHEENRDLGIRAVTVAPGWVSTRLAARPADLGVPEEEVLDAEDIADTVAWLLDRPARMSVGPLVRVEPSASRAAAGDAMTRHLTRSRAEGAGPDAEETR,A5P,,0.6322719215961563,Q59976_STRSQ_Romero_2015,enrichment
MTATAQAGRHPVALVAGASSGIGAAVARRLAARGSAVALVGRREPELKEVAESIRAAGGTALSLALDLAGPGAPAEAVAATAAGLGPVGLLVCSAGAIRLAAVHETEERHWERQLRVNLTVPFLLAREVLPGMRERGFGWVVNIGSGVGSEVVPGSGGYGVSKHTVHRLTELIHEENRDLGIRAVTVAPGWVSTRLAARPADLGVPEEEVLDAEDIADTVAWLLDRPARMSVGPLVRVEPSASRAAAGDAMTRHLTRSRAEGAGPDAEETR,L85Q,,0.21195421295992753,Q59976_STRSQ_Romero_2015,enrichment
MTATAQAGRHPVALVAGASSGIGAAVARRLAARGSAVALVGRREPELKEVAESIRAAGGTALSLALDLAGPGAPAEAVAATAAGLGPVGLLVCSAGAIRLAAVHETEERHWERQLRVNLTVPFLLAREVLPGMRERGFGWVVNIGSGVGSEVVPGSGGYGVSKHTVHRLTELIHEENRDLGIRAVTVAPGWVSTRLAARPADLGVPEEEVLDAEDIADTVAWLLDRPARMSVGPLVRVEPSASRAAAGDAMTRHLTRSRAEGAGPDAEETR,A38E,,0.8292600575237625,Q59976_STRSQ_Romero_2015,enrichment
MTATAQAGRHPVALVAGASSGIGAAVARRLAARGSAVALVGRREPELKEVAESIRAAGGTALSLALDLAGPGAPAEAVAATAAGLGPVGLLVCSAGAIRLAAVHETEERHWERQLRVNLTVPFLLAREVLPGMRERGFGWVVNIGSGVGSEVVPGSGGYGVSKHTVHRLTELIHEENRDLGIRAVTVAPGWVSTRLAARPADLGVPEEEVLDAEDIADTVAWLLDRPARMSVGPLVRVEPSASRAAAGDAMTRHLTRSRAEGAGPDAEETR,N118D,,-0.2381407720374512,Q59976_STRSQ_Romero_2015,enrichment
MTATAQAGRHPVALVAGASSGIGAAVARRLAARGSAVALVGRREPELKEVAESIRAAGGTALSLALDLAGPGAPAEAVAATAAGLGPVGLLVCSAGAIRLAAVHETEERHWERQLRVNLTVPFLLAREVLPGMRERGFGWVVNIGSGVGSEVVPGSGGYGVSKHTVHRLTELIHEENRDLGIRAVTVAPGWVSTRLAARPADLGVPEEEVLDAEDIADTVAWLLDRPARMSVGPLVRVEPSASRAAAGDAMTRHLTRSRAEGAGPDAEETR,A3P,,0.07108479017448825,Q59976_STRSQ_Romero_2015,enrichment
MTATAQAGRHPVALVAGASSGIGAAVARRLAARGSAVALVGRREPELKEVAESIRAAGGTALSLALDLAGPGAPAEAVAATAAGLGPVGLLVCSAGAIRLAAVHETEERHWERQLRVNLTVPFLLAREVLPGMRERGFGWVVNIGSGVGSEVVPGSGGYGVSKHTVHRLTELIHEENRDLGIRAVTVAPGWVSTRLAARPADLGVPEEEVLDAEDIADTVAWLLDRPARMSVGPLVRVEPSASRAAAGDAMTRHLTRSRAEGAGPDAEETR,S231N,,-0.3572498774820503,Q59976_STRSQ_Romero_2015,enrichment
MTATAQAGRHPVALVAGASSGIGAAVARRLAARGSAVALVGRREPELKEVAESIRAAGGTALSLALDLAGPGAPAEAVAATAAGLGPVGLLVCSAGAIRLAAVHETEERHWERQLRVNLTVPFLLAREVLPGMRERGFGWVVNIGSGVGSEVVPGSGGYGVSKHTVHRLTELIHEENRDLGIRAVTVAPGWVSTRLAARPADLGVPEEEVLDAEDIADTVAWLLDRPARMSVGPLVRVEPSASRAAAGDAMTRHLTRSRAEGAGPDAEETR,L85V,,1.372122711184723,Q59976_STRSQ_Romero_2015,enrichment
MTATAQAGRHPVALVAGASSGIGAAVARRLAARGSAVALVGRREPELKEVAESIRAAGGTALSLALDLAGPGAPAEAVAATAAGLGPVGLLVCSAGAIRLAAVHETEERHWERQLRVNLTVPFLLAREVLPGMRERGFGWVVNIGSGVGSEVVPGSGGYGVSKHTVHRLTELIHEENRDLGIRAVTVAPGWVSTRLAARPADLGVPEEEVLDAEDIADTVAWLLDRPARMSVGPLVRVEPSASRAAAGDAMTRHLTRSRAEGAGPDAEETR,A38T,,0.7857394228420821,Q59976_STRSQ_Romero_2015,enrichment
MTATAQAGRHPVALVAGASSGIGAAVARRLAARGSAVALVGRREPELKEVAESIRAAGGTALSLALDLAGPGAPAEAVAATAAGLGPVGLLVCSAGAIRLAAVHETEERHWERQLRVNLTVPFLLAREVLPGMRERGFGWVVNIGSGVGSEVVPGSGGYGVSKHTVHRLTELIHEENRDLGIRAVTVAPGWVSTRLAARPADLGVPEEEVLDAEDIADTVAWLLDRPARMSVGPLVRVEPSASRAAAGDAMTRHLTRSRAEGAGPDAEETR,S162A,,0.604785204955095,Q59976_STRSQ_Romero_2015,enrichment
MTATAQAGRHPVALVAGASSGIGAAVARRLAARGSAVALVGRREPELKEVAESIRAAGGTALSLALDLAGPGAPAEAVAATAAGLGPVGLLVCSAGAIRLAAVHETEERHWERQLRVNLTVPFLLAREVLPGMRERGFGWVVNIGSGVGSEVVPGSGGYGVSKHTVHRLTELIHEENRDLGIRAVTVAPGWVSTRLAARPADLGVPEEEVLDAEDIADTVAWLLDRPARMSVGPLVRVEPSASRAAAGDAMTRHLTRSRAEGAGPDAEETR,S53T,,0.6918264743184559,Q59976_STRSQ_Romero_2015,enrichment
MTATAQAGRHPVALVAGASSGIGAAVARRLAARGSAVALVGRREPELKEVAESIRAAGGTALSLALDLAGPGAPAEAVAATAAGLGPVGLLVCSAGAIRLAAVHETEERHWERQLRVNLTVPFLLAREVLPGMRERGFGWVVNIGSGVGSEVVPGSGGYGVSKHTVHRLTELIHEENRDLGIRAVTVAPGWVSTRLAARPADLGVPEEEVLDAEDIADTVAWLLDRPARMSVGPLVRVEPSASRAAAGDAMTRHLTRSRAEGAGPDAEETR,L203Q,,-2.8757202897192915,Q59976_STRSQ_Romero_2015,enrichment
MTATAQAGRHPVALVAGASSGIGAAVARRLAARGSAVALVGRREPELKEVAESIRAAGGTALSLALDLAGPGAPAEAVAATAAGLGPVGLLVCSAGAIRLAAVHETEERHWERQLRVNLTVPFLLAREVLPGMRERGFGWVVNIGSGVGSEVVPGSGGYGVSKHTVHRLTELIHEENRDLGIRAVTVAPGWVSTRLAARPADLGVPEEEVLDAEDIADTVAWLLDRPARMSVGPLVRVEPSASRAAAGDAMTRHLTRSRAEGAGPDAEETR,A27A,,0.988453958069909,Q59976_STRSQ_Romero_2015,enrichment
MTATAQAGRHPVALVAGASSGIGAAVARRLAARGSAVALVGRREPELKEVAESIRAAGGTALSLALDLAGPGAPAEAVAATAAGLGPVGLLVCSAGAIRLAAVHETEERHWERQLRVNLTVPFLLAREVLPGMRERGFGWVVNIGSGVGSEVVPGSGGYGVSKHTVHRLTELIHEENRDLGIRAVTVAPGWVSTRLAARPADLGVPEEEVLDAEDIADTVAWLLDRPARMSVGPLVRVEPSASRAAAGDAMTRHLTRSRAEGAGPDAEETR,R237H,,-2.2503974861351472,Q59976_STRSQ_Romero_2015,enrichment
MTATAQAGRHPVALVAGASSGIGAAVARRLAARGSAVALVGRREPELKEVAESIRAAGGTALSLALDLAGPGAPAEAVAATAAGLGPVGLLVCSAGAIRLAAVHETEERHWERQLRVNLTVPFLLAREVLPGMRERGFGWVVNIGSGVGSEVVPGSGGYGVSKHTVHRLTELIHEENRDLGIRAVTVAPGWVSTRLAARPADLGVPEEEVLDAEDIADTVAWLLDRPARMSVGPLVRVEPSASRAAAGDAMTRHLTRSRAEGAGPDAEETR,A5G,,0.3459519565851013,Q59976_STRSQ_Romero_2015,enrichment
MTATAQAGRHPVALVAGASSGIGAAVARRLAARGSAVALVGRREPELKEVAESIRAAGGTALSLALDLAGPGAPAEAVAATAAGLGPVGLLVCSAGAIRLAAVHETEERHWERQLRVNLTVPFLLAREVLPGMRERGFGWVVNIGSGVGSEVVPGSGGYGVSKHTVHRLTELIHEENRDLGIRAVTVAPGWVSTRLAARPADLGVPEEEVLDAEDIADTVAWLLDRPARMSVGPLVRVEPSASRAAAGDAMTRHLTRSRAEGAGPDAEETR,N177S,,-2.161065657051698,Q59976_STRSQ_Romero_2015,enrichment
MTATAQAGRHPVALVAGASSGIGAAVARRLAARGSAVALVGRREPELKEVAESIRAAGGTALSLALDLAGPGAPAEAVAATAAGLGPVGLLVCSAGAIRLAAVHETEERHWERQLRVNLTVPFLLAREVLPGMRERGFGWVVNIGSGVGSEVVPGSGGYGVSKHTVHRLTELIHEENRDLGIRAVTVAPGWVSTRLAARPADLGVPEEEVLDAEDIADTVAWLLDRPARMSVGPLVRVEPSASRAAAGDAMTRHLTRSRAEGAGPDAEETR,A201T,,0.28868796358289023,Q59976_STRSQ_Romero_2015,enrichment
MTATAQAGRHPVALVAGASSGIGAAVARRLAARGSAVALVGRREPELKEVAESIRAAGGTALSLALDLAGPGAPAEAVAATAAGLGPVGLLVCSAGAIRLAAVHETEERHWERQLRVNLTVPFLLAREVLPGMRERGFGWVVNIGSGVGSEVVPGSGGYGVSKHTVHRLTELIHEENRDLGIRAVTVAPGWVSTRLAARPADLGVPEEEVLDAEDIADTVAWLLDRPARMSVGPLVRVEPSASRAAAGDAMTRHLTRSRAEGAGPDAEETR,A247D,,0.5692815292937243,Q59976_STRSQ_Romero_2015,enrichment
MTATAQAGRHPVALVAGASSGIGAAVARRLAARGSAVALVGRREPELKEVAESIRAAGGTALSLALDLAGPGAPAEAVAATAAGLGPVGLLVCSAGAIRLAAVHETEERHWERQLRVNLTVPFLLAREVLPGMRERGFGWVVNIGSGVGSEVVPGSGGYGVSKHTVHRLTELIHEENRDLGIRAVTVAPGWVSTRLAARPADLGVPEEEVLDAEDIADTVAWLLDRPARMSVGPLVRVEPSASRAAAGDAMTRHLTRSRAEGAGPDAEETR,G86S,,0.6150927236954932,Q59976_STRSQ_Romero_2015,enrichment
MTATAQAGRHPVALVAGASSGIGAAVARRLAARGSAVALVGRREPELKEVAESIRAAGGTALSLALDLAGPGAPAEAVAATAAGLGPVGLLVCSAGAIRLAAVHETEERHWERQLRVNLTVPFLLAREVLPGMRERGFGWVVNIGSGVGSEVVPGSGGYGVSKHTVHRLTELIHEENRDLGIRAVTVAPGWVSTRLAARPADLGVPEEEVLDAEDIADTVAWLLDRPARMSVGPLVRVEPSASRAAAGDAMTRHLTRSRAEGAGPDAEETR,E76D,,-0.9115653297434527,Q59976_STRSQ_Romero_2015,enrichment
MTATAQAGRHPVALVAGASSGIGAAVARRLAARGSAVALVGRREPELKEVAESIRAAGGTALSLALDLAGPGAPAEAVAATAAGLGPVGLLVCSAGAIRLAAVHETEERHWERQLRVNLTVPFLLAREVLPGMRERGFGWVVNIGSGVGSEVVPGSGGYGVSKHTVHRLTELIHEENRDLGIRAVTVAPGWVSTRLAARPADLGVPEEEVLDAEDIADTVAWLLDRPARMSVGPLVRVEPSASRAAAGDAMTRHLTRSRAEGAGPDAEETR,G58R,,-1.0535800323889362,Q59976_STRSQ_Romero_2015,enrichment
MTATAQAGRHPVALVAGASSGIGAAVARRLAARGSAVALVGRREPELKEVAESIRAAGGTALSLALDLAGPGAPAEAVAATAAGLGPVGLLVCSAGAIRLAAVHETEERHWERQLRVNLTVPFLLAREVLPGMRERGFGWVVNIGSGVGSEVVPGSGGYGVSKHTVHRLTELIHEENRDLGIRAVTVAPGWVSTRLAARPADLGVPEEEVLDAEDIADTVAWLLDRPARMSVGPLVRVEPSASRAAAGDAMTRHLTRSRAEGAGPDAEETR,R109G,,-0.1465183832339136,Q59976_STRSQ_Romero_2015,enrichment
MTATAQAGRHPVALVAGASSGIGAAVARRLAARGSAVALVGRREPELKEVAESIRAAGGTALSLALDLAGPGAPAEAVAATAAGLGPVGLLVCSAGAIRLAAVHETEERHWERQLRVNLTVPFLLAREVLPGMRERGFGWVVNIGSGVGSEVVPGSGGYGVSKHTVHRLTELIHEENRDLGIRAVTVAPGWVSTRLAARPADLGVPEEEVLDAEDIADTVAWLLDRPARMSVGPLVRVEPSASRAAAGDAMTRHLTRSRAEGAGPDAEETR,A38G,,1.3755585507648556,Q59976_STRSQ_Romero_2015,enrichment
MTATAQAGRHPVALVAGASSGIGAAVARRLAARGSAVALVGRREPELKEVAESIRAAGGTALSLALDLAGPGAPAEAVAATAAGLGPVGLLVCSAGAIRLAAVHETEERHWERQLRVNLTVPFLLAREVLPGMRERGFGWVVNIGSGVGSEVVPGSGGYGVSKHTVHRLTELIHEENRDLGIRAVTVAPGWVSTRLAARPADLGVPEEEVLDAEDIADTVAWLLDRPARMSVGPLVRVEPSASRAAAGDAMTRHLTRSRAEGAGPDAEETR,P74R,,0.34251611700496853,Q59976_STRSQ_Romero_2015,enrichment
MTATAQAGRHPVALVAGASSGIGAAVARRLAARGSAVALVGRREPELKEVAESIRAAGGTALSLALDLAGPGAPAEAVAATAAGLGPVGLLVCSAGAIRLAAVHETEERHWERQLRVNLTVPFLLAREVLPGMRERGFGWVVNIGSGVGSEVVPGSGGYGVSKHTVHRLTELIHEENRDLGIRAVTVAPGWVSTRLAARPADLGVPEEEVLDAEDIADTVAWLLDRPARMSVGPLVRVEPSASRAAAGDAMTRHLTRSRAEGAGPDAEETR,A5E,,-0.49697402040744504,Q59976_STRSQ_Romero_2015,enrichment
MTATAQAGRHPVALVAGASSGIGAAVARRLAARGSAVALVGRREPELKEVAESIRAAGGTALSLALDLAGPGAPAEAVAATAAGLGPVGLLVCSAGAIRLAAVHETEERHWERQLRVNLTVPFLLAREVLPGMRERGFGWVVNIGSGVGSEVVPGSGGYGVSKHTVHRLTELIHEENRDLGIRAVTVAPGWVSTRLAARPADLGVPEEEVLDAEDIADTVAWLLDRPARMSVGPLVRVEPSASRAAAGDAMTRHLTRSRAEGAGPDAEETR,Q6L,,1.2232363293789743,Q59976_STRSQ_Romero_2015,enrichment
MTATAQAGRHPVALVAGASSGIGAAVARRLAARGSAVALVGRREPELKEVAESIRAAGGTALSLALDLAGPGAPAEAVAATAAGLGPVGLLVCSAGAIRLAAVHETEERHWERQLRVNLTVPFLLAREVLPGMRERGFGWVVNIGSGVGSEVVPGSGGYGVSKHTVHRLTELIHEENRDLGIRAVTVAPGWVSTRLAARPADLGVPEEEVLDAEDIADTVAWLLDRPARMSVGPLVRVEPSASRAAAGDAMTRHLTRSRAEGAGPDAEETR,G41A,,0.2749446052623596,Q59976_STRSQ_Romero_2015,enrichment
MTATAQAGRHPVALVAGASSGIGAAVARRLAARGSAVALVGRREPELKEVAESIRAAGGTALSLALDLAGPGAPAEAVAATAAGLGPVGLLVCSAGAIRLAAVHETEERHWERQLRVNLTVPFLLAREVLPGMRERGFGWVVNIGSGVGSEVVPGSGGYGVSKHTVHRLTELIHEENRDLGIRAVTVAPGWVSTRLAARPADLGVPEEEVLDAEDIADTVAWLLDRPARMSVGPLVRVEPSASRAAAGDAMTRHLTRSRAEGAGPDAEETR,G72R,,0.7685602249414186,Q59976_STRSQ_Romero_2015,enrichment
MTATAQAGRHPVALVAGASSGIGAAVARRLAARGSAVALVGRREPELKEVAESIRAAGGTALSLALDLAGPGAPAEAVAATAAGLGPVGLLVCSAGAIRLAAVHETEERHWERQLRVNLTVPFLLAREVLPGMRERGFGWVVNIGSGVGSEVVPGSGGYGVSKHTVHRLTELIHEENRDLGIRAVTVAPGWVSTRLAARPADLGVPEEEVLDAEDIADTVAWLLDRPARMSVGPLVRVEPSASRAAAGDAMTRHLTRSRAEGAGPDAEETR,R116L,,-1.844968415679493,Q59976_STRSQ_Romero_2015,enrichment
MTATAQAGRHPVALVAGASSGIGAAVARRLAARGSAVALVGRREPELKEVAESIRAAGGTALSLALDLAGPGAPAEAVAATAAGLGPVGLLVCSAGAIRLAAVHETEERHWERQLRVNLTVPFLLAREVLPGMRERGFGWVVNIGSGVGSEVVPGSGGYGVSKHTVHRLTELIHEENRDLGIRAVTVAPGWVSTRLAARPADLGVPEEEVLDAEDIADTVAWLLDRPARMSVGPLVRVEPSASRAAAGDAMTRHLTRSRAEGAGPDAEETR,P11A,,0.9071390880067693,Q59976_STRSQ_Romero_2015,enrichment
MTATAQAGRHPVALVAGASSGIGAAVARRLAARGSAVALVGRREPELKEVAESIRAAGGTALSLALDLAGPGAPAEAVAATAAGLGPVGLLVCSAGAIRLAAVHETEERHWERQLRVNLTVPFLLAREVLPGMRERGFGWVVNIGSGVGSEVVPGSGGYGVSKHTVHRLTELIHEENRDLGIRAVTVAPGWVSTRLAARPADLGVPEEEVLDAEDIADTVAWLLDRPARMSVGPLVRVEPSASRAAAGDAMTRHLTRSRAEGAGPDAEETR,V166L,,0.1283487831766992,Q59976_STRSQ_Romero_2015,enrichment
MTATAQAGRHPVALVAGASSGIGAAVARRLAARGSAVALVGRREPELKEVAESIRAAGGTALSLALDLAGPGAPAEAVAATAAGLGPVGLLVCSAGAIRLAAVHETEERHWERQLRVNLTVPFLLAREVLPGMRERGFGWVVNIGSGVGSEVVPGSGGYGVSKHTVHRLTELIHEENRDLGIRAVTVAPGWVSTRLAARPADLGVPEEEVLDAEDIADTVAWLLDRPARMSVGPLVRVEPSASRAAAGDAMTRHLTRSRAEGAGPDAEETR,L47W,,0.024128315912675297,Q59976_STRSQ_Romero_2015,enrichment
MTATAQAGRHPVALVAGASSGIGAAVARRLAARGSAVALVGRREPELKEVAESIRAAGGTALSLALDLAGPGAPAEAVAATAAGLGPVGLLVCSAGAIRLAAVHETEERHWERQLRVNLTVPFLLAREVLPGMRERGFGWVVNIGSGVGSEVVPGSGGYGVSKHTVHRLTELIHEENRDLGIRAVTVAPGWVSTRLAARPADLGVPEEEVLDAEDIADTVAWLLDRPARMSVGPLVRVEPSASRAAAGDAMTRHLTRSRAEGAGPDAEETR,R253G,,-0.3389253997213427,Q59976_STRSQ_Romero_2015,enrichment
MTATAQAGRHPVALVAGASSGIGAAVARRLAARGSAVALVGRREPELKEVAESIRAAGGTALSLALDLAGPGAPAEAVAATAAGLGPVGLLVCSAGAIRLAAVHETEERHWERQLRVNLTVPFLLAREVLPGMRERGFGWVVNIGSGVGSEVVPGSGGYGVSKHTVHRLTELIHEENRDLGIRAVTVAPGWVSTRLAARPADLGVPEEEVLDAEDIADTVAWLLDRPARMSVGPLVRVEPSASRAAAGDAMTRHLTRSRAEGAGPDAEETR,V121L,,0.22340701156036974,Q59976_STRSQ_Romero_2015,enrichment
MTATAQAGRHPVALVAGASSGIGAAVARRLAARGSAVALVGRREPELKEVAESIRAAGGTALSLALDLAGPGAPAEAVAATAAGLGPVGLLVCSAGAIRLAAVHETEERHWERQLRVNLTVPFLLAREVLPGMRERGFGWVVNIGSGVGSEVVPGSGGYGVSKHTVHRLTELIHEENRDLGIRAVTVAPGWVSTRLAARPADLGVPEEEVLDAEDIADTVAWLLDRPARMSVGPLVRVEPSASRAAAGDAMTRHLTRSRAEGAGPDAEETR,A247T,,0.7525263069007996,Q59976_STRSQ_Romero_2015,enrichment
MTATAQAGRHPVALVAGASSGIGAAVARRLAARGSAVALVGRREPELKEVAESIRAAGGTALSLALDLAGPGAPAEAVAATAAGLGPVGLLVCSAGAIRLAAVHETEERHWERQLRVNLTVPFLLAREVLPGMRERGFGWVVNIGSGVGSEVVPGSGGYGVSKHTVHRLTELIHEENRDLGIRAVTVAPGWVSTRLAARPADLGVPEEEVLDAEDIADTVAWLLDRPARMSVGPLVRVEPSASRAAAGDAMTRHLTRSRAEGAGPDAEETR,L224P,,-1.2081928134949063,Q59976_STRSQ_Romero_2015,enrichment
MTATAQAGRHPVALVAGASSGIGAAVARRLAARGSAVALVGRREPELKEVAESIRAAGGTALSLALDLAGPGAPAEAVAATAAGLGPVGLLVCSAGAIRLAAVHETEERHWERQLRVNLTVPFLLAREVLPGMRERGFGWVVNIGSGVGSEVVPGSGGYGVSKHTVHRLTELIHEENRDLGIRAVTVAPGWVSTRLAARPADLGVPEEEVLDAEDIADTVAWLLDRPARMSVGPLVRVEPSASRAAAGDAMTRHLTRSRAEGAGPDAEETR,G248D,,-0.3813007545429788,Q59976_STRSQ_Romero_2015,enrichment
MTATAQAGRHPVALVAGASSGIGAAVARRLAARGSAVALVGRREPELKEVAESIRAAGGTALSLALDLAGPGAPAEAVAATAAGLGPVGLLVCSAGAIRLAAVHETEERHWERQLRVNLTVPFLLAREVLPGMRERGFGWVVNIGSGVGSEVVPGSGGYGVSKHTVHRLTELIHEENRDLGIRAVTVAPGWVSTRLAARPADLGVPEEEVLDAEDIADTVAWLLDRPARMSVGPLVRVEPSASRAAAGDAMTRHLTRSRAEGAGPDAEETR,R42S,,-0.17973149917519604,Q59976_STRSQ_Romero_2015,enrichment
MTATAQAGRHPVALVAGASSGIGAAVARRLAARGSAVALVGRREPELKEVAESIRAAGGTALSLALDLAGPGAPAEAVAATAAGLGPVGLLVCSAGAIRLAAVHETEERHWERQLRVNLTVPFLLAREVLPGMRERGFGWVVNIGSGVGSEVVPGSGGYGVSKHTVHRLTELIHEENRDLGIRAVTVAPGWVSTRLAARPADLGVPEEEVLDAEDIADTVAWLLDRPARMSVGPLVRVEPSASRAAAGDAMTRHLTRSRAEGAGPDAEETR,S231G,,0.6494511194968198,Q59976_STRSQ_Romero_2015,enrichment
MTATAQAGRHPVALVAGASSGIGAAVARRLAARGSAVALVGRREPELKEVAESIRAAGGTALSLALDLAGPGAPAEAVAATAAGLGPVGLLVCSAGAIRLAAVHETEERHWERQLRVNLTVPFLLAREVLPGMRERGFGWVVNIGSGVGSEVVPGSGGYGVSKHTVHRLTELIHEENRDLGIRAVTVAPGWVSTRLAARPADLGVPEEEVLDAEDIADTVAWLLDRPARMSVGPLVRVEPSASRAAAGDAMTRHLTRSRAEGAGPDAEETR,A38A,,0.9873086782098648,Q59976_STRSQ_Romero_2015,enrichment
MTATAQAGRHPVALVAGASSGIGAAVARRLAARGSAVALVGRREPELKEVAESIRAAGGTALSLALDLAGPGAPAEAVAATAAGLGPVGLLVCSAGAIRLAAVHETEERHWERQLRVNLTVPFLLAREVLPGMRERGFGWVVNIGSGVGSEVVPGSGGYGVSKHTVHRLTELIHEENRDLGIRAVTVAPGWVSTRLAARPADLGVPEEEVLDAEDIADTVAWLLDRPARMSVGPLVRVEPSASRAAAGDAMTRHLTRSRAEGAGPDAEETR,L85P,,-1.0341102747681845,Q59976_STRSQ_Romero_2015,enrichment
MTATAQAGRHPVALVAGASSGIGAAVARRLAARGSAVALVGRREPELKEVAESIRAAGGTALSLALDLAGPGAPAEAVAATAAGLGPVGLLVCSAGAIRLAAVHETEERHWERQLRVNLTVPFLLAREVLPGMRERGFGWVVNIGSGVGSEVVPGSGGYGVSKHTVHRLTELIHEENRDLGIRAVTVAPGWVSTRLAARPADLGVPEEEVLDAEDIADTVAWLLDRPARMSVGPLVRVEPSASRAAAGDAMTRHLTRSRAEGAGPDAEETR,A38S,,0.936916364367919,Q59976_STRSQ_Romero_2015,enrichment
MTATAQAGRHPVALVAGASSGIGAAVARRLAARGSAVALVGRREPELKEVAESIRAAGGTALSLALDLAGPGAPAEAVAATAAGLGPVGLLVCSAGAIRLAAVHETEERHWERQLRVNLTVPFLLAREVLPGMRERGFGWVVNIGSGVGSEVVPGSGGYGVSKHTVHRLTELIHEENRDLGIRAVTVAPGWVSTRLAARPADLGVPEEEVLDAEDIADTVAWLLDRPARMSVGPLVRVEPSASRAAAGDAMTRHLTRSRAEGAGPDAEETR,E239V,,-2.3855405096203652,Q59976_STRSQ_Romero_2015,enrichment
MTATAQAGRHPVALVAGASSGIGAAVARRLAARGSAVALVGRREPELKEVAESIRAAGGTALSLALDLAGPGAPAEAVAATAAGLGPVGLLVCSAGAIRLAAVHETEERHWERQLRVNLTVPFLLAREVLPGMRERGFGWVVNIGSGVGSEVVPGSGGYGVSKHTVHRLTELIHEENRDLGIRAVTVAPGWVSTRLAARPADLGVPEEEVLDAEDIADTVAWLLDRPARMSVGPLVRVEPSASRAAAGDAMTRHLTRSRAEGAGPDAEETR,N177D,,-2.173663735512184,Q59976_STRSQ_Romero_2015,enrichment
MTATAQAGRHPVALVAGASSGIGAAVARRLAARGSAVALVGRREPELKEVAESIRAAGGTALSLALDLAGPGAPAEAVAATAAGLGPVGLLVCSAGAIRLAAVHETEERHWERQLRVNLTVPFLLAREVLPGMRERGFGWVVNIGSGVGSEVVPGSGGYGVSKHTVHRLTELIHEENRDLGIRAVTVAPGWVSTRLAARPADLGVPEEEVLDAEDIADTVAWLLDRPARMSVGPLVRVEPSASRAAAGDAMTRHLTRSRAEGAGPDAEETR,P240R,,-1.5048202972463591,Q59976_STRSQ_Romero_2015,enrichment
MTATAQAGRHPVALVAGASSGIGAAVARRLAARGSAVALVGRREPELKEVAESIRAAGGTALSLALDLAGPGAPAEAVAATAAGLGPVGLLVCSAGAIRLAAVHETEERHWERQLRVNLTVPFLLAREVLPGMRERGFGWVVNIGSGVGSEVVPGSGGYGVSKHTVHRLTELIHEENRDLGIRAVTVAPGWVSTRLAARPADLGVPEEEVLDAEDIADTVAWLLDRPARMSVGPLVRVEPSASRAAAGDAMTRHLTRSRAEGAGPDAEETR,G190A,,-0.014811199328828366,Q59976_STRSQ_Romero_2015,enrichment
MTATAQAGRHPVALVAGASSGIGAAVARRLAARGSAVALVGRREPELKEVAESIRAAGGTALSLALDLAGPGAPAEAVAATAAGLGPVGLLVCSAGAIRLAAVHETEERHWERQLRVNLTVPFLLAREVLPGMRERGFGWVVNIGSGVGSEVVPGSGGYGVSKHTVHRLTELIHEENRDLGIRAVTVAPGWVSTRLAARPADLGVPEEEVLDAEDIADTVAWLLDRPARMSVGPLVRVEPSASRAAAGDAMTRHLTRSRAEGAGPDAEETR,G190D,,-0.9585218040052662,Q59976_STRSQ_Romero_2015,enrichment
MTATAQAGRHPVALVAGASSGIGAAVARRLAARGSAVALVGRREPELKEVAESIRAAGGTALSLALDLAGPGAPAEAVAATAAGLGPVGLLVCSAGAIRLAAVHETEERHWERQLRVNLTVPFLLAREVLPGMRERGFGWVVNIGSGVGSEVVPGSGGYGVSKHTVHRLTELIHEENRDLGIRAVTVAPGWVSTRLAARPADLGVPEEEVLDAEDIADTVAWLLDRPARMSVGPLVRVEPSASRAAAGDAMTRHLTRSRAEGAGPDAEETR,N177Y,,-2.5035043352049198,Q59976_STRSQ_Romero_2015,enrichment
MTATAQAGRHPVALVAGASSGIGAAVARRLAARGSAVALVGRREPELKEVAESIRAAGGTALSLALDLAGPGAPAEAVAATAAGLGPVGLLVCSAGAIRLAAVHETEERHWERQLRVNLTVPFLLAREVLPGMRERGFGWVVNIGSGVGSEVVPGSGGYGVSKHTVHRLTELIHEENRDLGIRAVTVAPGWVSTRLAARPADLGVPEEEVLDAEDIADTVAWLLDRPARMSVGPLVRVEPSASRAAAGDAMTRHLTRSRAEGAGPDAEETR,G41R,,0.5383589730725303,Q59976_STRSQ_Romero_2015,enrichment
MTATAQAGRHPVALVAGASSGIGAAVARRLAARGSAVALVGRREPELKEVAESIRAAGGTALSLALDLAGPGAPAEAVAATAAGLGPVGLLVCSAGAIRLAAVHETEERHWERQLRVNLTVPFLLAREVLPGMRERGFGWVVNIGSGVGSEVVPGSGGYGVSKHTVHRLTELIHEENRDLGIRAVTVAPGWVSTRLAARPADLGVPEEEVLDAEDIADTVAWLLDRPARMSVGPLVRVEPSASRAAAGDAMTRHLTRSRAEGAGPDAEETR,A38V,,0.6551775187970408,Q59976_STRSQ_Romero_2015,enrichment
MTATAQAGRHPVALVAGASSGIGAAVARRLAARGSAVALVGRREPELKEVAESIRAAGGTALSLALDLAGPGAPAEAVAATAAGLGPVGLLVCSAGAIRLAAVHETEERHWERQLRVNLTVPFLLAREVLPGMRERGFGWVVNIGSGVGSEVVPGSGGYGVSKHTVHRLTELIHEENRDLGIRAVTVAPGWVSTRLAARPADLGVPEEEVLDAEDIADTVAWLLDRPARMSVGPLVRVEPSASRAAAGDAMTRHLTRSRAEGAGPDAEETR,A228A,,0.9873086782098648,Q59976_STRSQ_Romero_2015,enrichment
MTATAQAGRHPVALVAGASSGIGAAVARRLAARGSAVALVGRREPELKEVAESIRAAGGTALSLALDLAGPGAPAEAVAATAAGLGPVGLLVCSAGAIRLAAVHETEERHWERQLRVNLTVPFLLAREVLPGMRERGFGWVVNIGSGVGSEVVPGSGGYGVSKHTVHRLTELIHEENRDLGIRAVTVAPGWVSTRLAARPADLGVPEEEVLDAEDIADTVAWLLDRPARMSVGPLVRVEPSASRAAAGDAMTRHLTRSRAEGAGPDAEETR,P234L,,-1.9720944801444016,Q59976_STRSQ_Romero_2015,enrichment
MTATAQAGRHPVALVAGASSGIGAAVARRLAARGSAVALVGRREPELKEVAESIRAAGGTALSLALDLAGPGAPAEAVAATAAGLGPVGLLVCSAGAIRLAAVHETEERHWERQLRVNLTVPFLLAREVLPGMRERGFGWVVNIGSGVGSEVVPGSGGYGVSKHTVHRLTELIHEENRDLGIRAVTVAPGWVSTRLAARPADLGVPEEEVLDAEDIADTVAWLLDRPARMSVGPLVRVEPSASRAAAGDAMTRHLTRSRAEGAGPDAEETR,G21V,,0.3505330760252781,Q59976_STRSQ_Romero_2015,enrichment
MTATAQAGRHPVALVAGASSGIGAAVARRLAARGSAVALVGRREPELKEVAESIRAAGGTALSLALDLAGPGAPAEAVAATAAGLGPVGLLVCSAGAIRLAAVHETEERHWERQLRVNLTVPFLLAREVLPGMRERGFGWVVNIGSGVGSEVVPGSGGYGVSKHTVHRLTELIHEENRDLGIRAVTVAPGWVSTRLAARPADLGVPEEEVLDAEDIADTVAWLLDRPARMSVGPLVRVEPSASRAAAGDAMTRHLTRSRAEGAGPDAEETR,G157E,,0.4307026662283736,Q59976_STRSQ_Romero_2015,enrichment
MTATAQAGRHPVALVAGASSGIGAAVARRLAARGSAVALVGRREPELKEVAESIRAAGGTALSLALDLAGPGAPAEAVAATAAGLGPVGLLVCSAGAIRLAAVHETEERHWERQLRVNLTVPFLLAREVLPGMRERGFGWVVNIGSGVGSEVVPGSGGYGVSKHTVHRLTELIHEENRDLGIRAVTVAPGWVSTRLAARPADLGVPEEEVLDAEDIADTVAWLLDRPARMSVGPLVRVEPSASRAAAGDAMTRHLTRSRAEGAGPDAEETR,T194P,,0.21424477268001585,Q59976_STRSQ_Romero_2015,enrichment
MTATAQAGRHPVALVAGASSGIGAAVARRLAARGSAVALVGRREPELKEVAESIRAAGGTALSLALDLAGPGAPAEAVAATAAGLGPVGLLVCSAGAIRLAAVHETEERHWERQLRVNLTVPFLLAREVLPGMRERGFGWVVNIGSGVGSEVVPGSGGYGVSKHTVHRLTELIHEENRDLGIRAVTVAPGWVSTRLAARPADLGVPEEEVLDAEDIADTVAWLLDRPARMSVGPLVRVEPSASRAAAGDAMTRHLTRSRAEGAGPDAEETR,S241P,,0.287542683722846,Q59976_STRSQ_Romero_2015,enrichment
MTATAQAGRHPVALVAGASSGIGAAVARRLAARGSAVALVGRREPELKEVAESIRAAGGTALSLALDLAGPGAPAEAVAATAAGLGPVGLLVCSAGAIRLAAVHETEERHWERQLRVNLTVPFLLAREVLPGMRERGFGWVVNIGSGVGSEVVPGSGGYGVSKHTVHRLTELIHEENRDLGIRAVTVAPGWVSTRLAARPADLGVPEEEVLDAEDIADTVAWLLDRPARMSVGPLVRVEPSASRAAAGDAMTRHLTRSRAEGAGPDAEETR,G145D,,-1.6204935631108255,Q59976_STRSQ_Romero_2015,enrichment
MTATAQAGRHPVALVAGASSGIGAAVARRLAARGSAVALVGRREPELKEVAESIRAAGGTALSLALDLAGPGAPAEAVAATAAGLGPVGLLVCSAGAIRLAAVHETEERHWERQLRVNLTVPFLLAREVLPGMRERGFGWVVNIGSGVGSEVVPGSGGYGVSKHTVHRLTELIHEENRDLGIRAVTVAPGWVSTRLAARPADLGVPEEEVLDAEDIADTVAWLLDRPARMSVGPLVRVEPSASRAAAGDAMTRHLTRSRAEGAGPDAEETR,L115R,,0.4410101849687716,Q59976_STRSQ_Romero_2015,enrichment
MTATAQAGRHPVALVAGASSGIGAAVARRLAARGSAVALVGRREPELKEVAESIRAAGGTALSLALDLAGPGAPAEAVAATAAGLGPVGLLVCSAGAIRLAAVHETEERHWERQLRVNLTVPFLLAREVLPGMRERGFGWVVNIGSGVGSEVVPGSGGYGVSKHTVHRLTELIHEENRDLGIRAVTVAPGWVSTRLAARPADLGVPEEEVLDAEDIADTVAWLLDRPARMSVGPLVRVEPSASRAAAGDAMTRHLTRSRAEGAGPDAEETR,G145G,,0.9895992379299533,Q59976_STRSQ_Romero_2015,enrichment
MTATAQAGRHPVALVAGASSGIGAAVARRLAARGSAVALVGRREPELKEVAESIRAAGGTALSLALDLAGPGAPAEAVAATAAGLGPVGLLVCSAGAIRLAAVHETEERHWERQLRVNLTVPFLLAREVLPGMRERGFGWVVNIGSGVGSEVVPGSGGYGVSKHTVHRLTELIHEENRDLGIRAVTVAPGWVSTRLAARPADLGVPEEEVLDAEDIADTVAWLLDRPARMSVGPLVRVEPSASRAAAGDAMTRHLTRSRAEGAGPDAEETR,G84A,,1.061751869112739,Q59976_STRSQ_Romero_2015,enrichment
MTATAQAGRHPVALVAGASSGIGAAVARRLAARGSAVALVGRREPELKEVAESIRAAGGTALSLALDLAGPGAPAEAVAATAAGLGPVGLLVCSAGAIRLAAVHETEERHWERQLRVNLTVPFLLAREVLPGMRERGFGWVVNIGSGVGSEVVPGSGGYGVSKHTVHRLTELIHEENRDLGIRAVTVAPGWVSTRLAARPADLGVPEEEVLDAEDIADTVAWLLDRPARMSVGPLVRVEPSASRAAAGDAMTRHLTRSRAEGAGPDAEETR,P71H,,0.13522046233696466,Q59976_STRSQ_Romero_2015,enrichment
MTATAQAGRHPVALVAGASSGIGAAVARRLAARGSAVALVGRREPELKEVAESIRAAGGTALSLALDLAGPGAPAEAVAATAAGLGPVGLLVCSAGAIRLAAVHETEERHWERQLRVNLTVPFLLAREVLPGMRERGFGWVVNIGSGVGSEVVPGSGGYGVSKHTVHRLTELIHEENRDLGIRAVTVAPGWVSTRLAARPADLGVPEEEVLDAEDIADTVAWLLDRPARMSVGPLVRVEPSASRAAAGDAMTRHLTRSRAEGAGPDAEETR,L211V,,0.6276908021559795,Q59976_STRSQ_Romero_2015,enrichment
MTATAQAGRHPVALVAGASSGIGAAVARRLAARGSAVALVGRREPELKEVAESIRAAGGTALSLALDLAGPGAPAEAVAATAAGLGPVGLLVCSAGAIRLAAVHETEERHWERQLRVNLTVPFLLAREVLPGMRERGFGWVVNIGSGVGSEVVPGSGGYGVSKHTVHRLTELIHEENRDLGIRAVTVAPGWVSTRLAARPADLGVPEEEVLDAEDIADTVAWLLDRPARMSVGPLVRVEPSASRAAAGDAMTRHLTRSRAEGAGPDAEETR,A95P,,0.2703634858221827,Q59976_STRSQ_Romero_2015,enrichment
MTATAQAGRHPVALVAGASSGIGAAVARRLAARGSAVALVGRREPELKEVAESIRAAGGTALSLALDLAGPGAPAEAVAATAAGLGPVGLLVCSAGAIRLAAVHETEERHWERQLRVNLTVPFLLAREVLPGMRERGFGWVVNIGSGVGSEVVPGSGGYGVSKHTVHRLTELIHEENRDLGIRAVTVAPGWVSTRLAARPADLGVPEEEVLDAEDIADTVAWLLDRPARMSVGPLVRVEPSASRAAAGDAMTRHLTRSRAEGAGPDAEETR,E269Q,,1.0010520365303954,Q59976_STRSQ_Romero_2015,enrichment
MTATAQAGRHPVALVAGASSGIGAAVARRLAARGSAVALVGRREPELKEVAESIRAAGGTALSLALDLAGPGAPAEAVAATAAGLGPVGLLVCSAGAIRLAAVHETEERHWERQLRVNLTVPFLLAREVLPGMRERGFGWVVNIGSGVGSEVVPGSGGYGVSKHTVHRLTELIHEENRDLGIRAVTVAPGWVSTRLAARPADLGVPEEEVLDAEDIADTVAWLLDRPARMSVGPLVRVEPSASRAAAGDAMTRHLTRSRAEGAGPDAEETR,S19P,,-0.08467327079152576,Q59976_STRSQ_Romero_2015,enrichment
MTATAQAGRHPVALVAGASSGIGAAVARRLAARGSAVALVGRREPELKEVAESIRAAGGTALSLALDLAGPGAPAEAVAATAAGLGPVGLLVCSAGAIRLAAVHETEERHWERQLRVNLTVPFLLAREVLPGMRERGFGWVVNIGSGVGSEVVPGSGGYGVSKHTVHRLTELIHEENRDLGIRAVTVAPGWVSTRLAARPADLGVPEEEVLDAEDIADTVAWLLDRPARMSVGPLVRVEPSASRAAAGDAMTRHLTRSRAEGAGPDAEETR,G190C,,-0.5370588155089929,Q59976_STRSQ_Romero_2015,enrichment
MTATAQAGRHPVALVAGASSGIGAAVARRLAARGSAVALVGRREPELKEVAESIRAAGGTALSLALDLAGPGAPAEAVAATAAGLGPVGLLVCSAGAIRLAAVHETEERHWERQLRVNLTVPFLLAREVLPGMRERGFGWVVNIGSGVGSEVVPGSGGYGVSKHTVHRLTELIHEENRDLGIRAVTVAPGWVSTRLAARPADLGVPEEEVLDAEDIADTVAWLLDRPARMSVGPLVRVEPSASRAAAGDAMTRHLTRSRAEGAGPDAEETR,P45S,,-1.8369514566591831,Q59976_STRSQ_Romero_2015,enrichment
MTATAQAGRHPVALVAGASSGIGAAVARRLAARGSAVALVGRREPELKEVAESIRAAGGTALSLALDLAGPGAPAEAVAATAAGLGPVGLLVCSAGAIRLAAVHETEERHWERQLRVNLTVPFLLAREVLPGMRERGFGWVVNIGSGVGSEVVPGSGGYGVSKHTVHRLTELIHEENRDLGIRAVTVAPGWVSTRLAARPADLGVPEEEVLDAEDIADTVAWLLDRPARMSVGPLVRVEPSASRAAAGDAMTRHLTRSRAEGAGPDAEETR,L85M,,0.4662063418897444,Q59976_STRSQ_Romero_2015,enrichment
MTATAQAGRHPVALVAGASSGIGAAVARRLAARGSAVALVGRREPELKEVAESIRAAGGTALSLALDLAGPGAPAEAVAATAAGLGPVGLLVCSAGAIRLAAVHETEERHWERQLRVNLTVPFLLAREVLPGMRERGFGWVVNIGSGVGSEVVPGSGGYGVSKHTVHRLTELIHEENRDLGIRAVTVAPGWVSTRLAARPADLGVPEEEVLDAEDIADTVAWLLDRPARMSVGPLVRVEPSASRAAAGDAMTRHLTRSRAEGAGPDAEETR,R253S,,-0.005648960448474466,Q59976_STRSQ_Romero_2015,enrichment
MTATAQAGRHPVALVAGASSGIGAAVARRLAARGSAVALVGRREPELKEVAESIRAAGGTALSLALDLAGPGAPAEAVAATAAGLGPVGLLVCSAGAIRLAAVHETEERHWERQLRVNLTVPFLLAREVLPGMRERGFGWVVNIGSGVGSEVVPGSGGYGVSKHTVHRLTELIHEENRDLGIRAVTVAPGWVSTRLAARPADLGVPEEEVLDAEDIADTVAWLLDRPARMSVGPLVRVEPSASRAAAGDAMTRHLTRSRAEGAGPDAEETR,G84G,,0.9873086782098648,Q59976_STRSQ_Romero_2015,enrichment
